date,temperature_2m_min,year,month,day,day_of_year
2016-01-01,-4.2714996,2016,1,1,1
2016-01-02,-3.8715,2016,1,2,2
2016-01-03,-4.4715,2016,1,3,3
2016-01-04,-3.0215,2016,1,4,4
2016-01-05,-5.7714996,2016,1,5,5
2016-01-06,-3.7715,2016,1,6,6
2016-01-07,-1.2214999,2016,1,7,7
2016-01-08,5.2285004,2016,1,8,8
2016-01-09,1.7284999,2016,1,9,9
2016-01-10,-10.8215,2016,1,10,10
2016-01-11,-12.6715,2016,1,11,11
2016-01-12,-11.1715,2016,1,12,12
2016-01-13,-12.1215,2016,1,13,13
2016-01-14,-2.1715,2016,1,14,14
2016-01-15,0.8785,2016,1,15,15
2016-01-16,-3.0215,2016,1,16,16
2016-01-17,-13.1715,2016,1,17,17
2016-01-18,-19.1215,2016,1,18,18
2016-01-19,-15.2715,2016,1,19,19
2016-01-20,-8.5215,2016,1,20,20
2016-01-21,-9.7715,2016,1,21,21
2016-01-22,-7.0715,2016,1,22,22
2016-01-23,-7.3215,2016,1,23,23
2016-01-24,-6.3715,2016,1,24,24
2016-01-25,-1.6215,2016,1,25,25
2016-01-26,-1.9215,2016,1,26,26
2016-01-27,-3.0715,2016,1,27,27
2016-01-28,-1.2214999,2016,1,28,28
2016-01-29,-3.7215002,2016,1,29,29
2016-01-30,0.8285,2016,1,30,30
2016-01-31,5.8785,2016,1,31,31
2016-02-01,-0.22150001,2016,2,1,32
2016-02-02,0.6785,2016,2,2,33
2016-02-03,0.3285,2016,2,3,34
2016-02-04,-5.5715,2016,2,4,35
2016-02-05,-4.3715,2016,2,5,36
2016-02-06,-5.4715,2016,2,6,37
2016-02-07,0.97849995,2016,2,7,38
2016-02-08,-4.5214996,2016,2,8,39
2016-02-09,-7.6714997,2016,2,9,40
2016-02-10,-12.0715,2016,2,10,41
2016-02-11,-12.0715,2016,2,11,42
2016-02-12,-6.0214996,2016,2,12,43
2016-02-13,-14.721499,2016,2,13,44
2016-02-14,-8.7715,2016,2,14,45
2016-02-15,-5.4715,2016,2,15,46
2016-02-16,-7.1215,2016,2,16,47
2016-02-17,-1.9714999,2016,2,17,48
2016-02-18,-2.9715002,2016,2,18,49
2016-02-19,5.2785,2016,2,19,50
2016-02-20,4.3785,2016,2,20,51
2016-02-21,1.0285001,2016,2,21,52
2016-02-22,-2.1215,2016,2,22,53
2016-02-23,-2.1715,2016,2,23,54
2016-02-24,-0.5215,2016,2,24,55
2016-02-25,-0.4215,2016,2,25,56
2016-02-26,-3.8715,2016,2,26,57
2016-02-27,-5.1714997,2016,2,27,58
2016-02-28,5.6285,2016,2,28,59
2016-02-29,-0.021500003,2016,2,29,60
2016-03-01,-1.0715001,2016,3,1,61
2016-03-02,-6.9214997,2016,3,2,62
2016-03-03,0.2785,2016,3,3,63
2016-03-04,-3.2715,2016,3,4,64
2016-03-05,0.0785,2016,3,5,65
2016-03-06,-2.3715,2016,3,6,66
2016-03-07,8.4285,2016,3,7,67
2016-03-08,13.778501,2016,3,8,68
2016-03-09,15.1285,2016,3,9,69
2016-03-10,8.2285,2016,3,10,70
2016-03-11,3.2784998,2016,3,11,71
2016-03-12,6.3785,2016,3,12,72
2016-03-13,11.9285,2016,3,13,73
2016-03-14,12.1285,2016,3,14,74
2016-03-15,8.278501,2016,3,15,75
2016-03-16,8.9785,2016,3,16,76
2016-03-17,5.2285004,2016,3,17,77
2016-03-18,2.7784998,2016,3,18,78
2016-03-19,2.1285,2016,3,19,79
2016-03-20,-0.3215,2016,3,20,80
2016-03-21,-0.8715,2016,3,21,81
2016-03-22,5.6785,2016,3,22,82
2016-03-23,12.3785,2016,3,23,83
2016-03-24,7.9785004,2016,3,24,84
2016-03-25,-0.8215,2016,3,25,85
2016-03-26,0.97849995,2016,3,26,86
2016-03-27,4.6785,2016,3,27,87
2016-03-28,4.5285,2016,3,28,88
2016-03-29,0.6285,2016,3,29,89
2016-03-30,5.9285,2016,3,30,90
2016-03-31,15.0785,2016,3,31,91
2016-04-01,3.8285,2016,4,1,92
2016-04-02,0.5785,2016,4,2,93
2016-04-03,-2.2715,2016,4,3,94
2016-04-04,1.8785,2016,4,4,95
2016-04-05,-3.4715002,2016,4,5,96
2016-04-06,6.9785004,2016,4,6,97
2016-04-07,3.0785,2016,4,7,98
2016-04-08,-0.0715,2016,4,8,99
2016-04-09,-4.1714997,2016,4,9,100
2016-04-10,0.6285,2016,4,10,101
2016-04-11,9.8285,2016,4,11,102
2016-04-12,0.22850001,2016,4,12,103
2016-04-13,1.2785001,2016,4,13,104
2016-04-14,3.5785,2016,4,14,105
2016-04-15,6.5785003,2016,4,15,106
2016-04-16,10.2285,2016,4,16,107
2016-04-17,9.8785,2016,4,17,108
2016-04-18,10.1285,2016,4,18,109
2016-04-19,12.6785,2016,4,19,110
2016-04-20,12.278501,2016,4,20,111
2016-04-21,13.6285,2016,4,21,112
2016-04-22,10.778501,2016,4,22,113
2016-04-23,5.8785,2016,4,23,114
2016-04-24,8.3785,2016,4,24,115
2016-04-25,15.1785,2016,4,25,116
2016-04-26,16.6785,2016,4,26,117
2016-04-27,11.1785,2016,4,27,118
2016-04-28,13.6785,2016,4,28,119
2016-04-29,8.278501,2016,4,29,120
2016-04-30,10.1285,2016,4,30,121
2016-05-01,12.1285,2016,5,1,122
2016-05-02,8.7285,2016,5,2,123
2016-05-03,7.0285,2016,5,3,124
2016-05-04,10.1285,2016,5,4,125
2016-05-05,5.2785,2016,5,5,126
2016-05-06,5.7285004,2016,5,6,127
2016-05-07,15.778501,2016,5,7,128
2016-05-08,8.1285,2016,5,8,129
2016-05-09,11.4785,2016,5,9,130
2016-05-10,15.9285,2016,5,10,131
2016-05-11,12.7285,2016,5,11,132
2016-05-12,17.078499,2016,5,12,133
2016-05-13,9.278501,2016,5,13,134
2016-05-14,5.5785003,2016,5,14,135
2016-05-15,4.6785,2016,5,15,136
2016-05-16,6.1785,2016,5,16,137
2016-05-17,9.4785,2016,5,17,138
2016-05-18,5.3285003,2016,5,18,139
2016-05-19,7.2285004,2016,5,19,140
2016-05-20,12.3785,2016,5,20,141
2016-05-21,12.6785,2016,5,21,142
2016-05-22,8.4785,2016,5,22,143
2016-05-23,10.528501,2016,5,23,144
2016-05-24,14.6785,2016,5,24,145
2016-05-25,17.2785,2016,5,25,146
2016-05-26,19.1785,2016,5,26,147
2016-05-27,18.8785,2016,5,27,148
2016-05-28,19.728498,2016,5,28,149
2016-05-29,18.1285,2016,5,29,150
2016-05-30,14.778501,2016,5,30,151
2016-05-31,17.728498,2016,5,31,152
2016-06-01,18.5285,2016,6,1,153
2016-06-02,17.1285,2016,6,2,154
2016-06-03,14.1785,2016,6,3,155
2016-06-04,17.3785,2016,6,4,156
2016-06-05,16.078499,2016,6,5,157
2016-06-06,17.9285,2016,6,6,158
2016-06-07,14.6785,2016,6,7,159
2016-06-08,10.4285,2016,6,8,160
2016-06-09,14.5785,2016,6,9,161
2016-06-10,20.578499,2016,6,10,162
2016-06-11,22.1785,2016,6,11,163
2016-06-12,23.3785,2016,6,12,164
2016-06-13,17.1785,2016,6,13,165
2016-06-14,21.978498,2016,6,14,166
2016-06-15,22.6285,2016,6,15,167
2016-06-16,21.828499,2016,6,16,168
2016-06-17,16.6785,2016,6,17,169
2016-06-18,16.728498,2016,6,18,170
2016-06-19,21.078499,2016,6,19,171
2016-06-20,23.228498,2016,6,20,172
2016-06-21,20.728498,2016,6,21,173
2016-06-22,20.6285,2016,6,22,174
2016-06-23,21.728498,2016,6,23,175
2016-06-24,18.328499,2016,6,24,176
2016-06-25,19.6785,2016,6,25,177
2016-06-26,24.1785,2016,6,26,178
2016-06-27,19.228498,2016,6,27,179
2016-06-28,18.5285,2016,6,28,180
2016-06-29,12.3785,2016,6,29,181
2016-06-30,13.778501,2016,6,30,182
2016-07-01,18.978498,2016,7,1,183
2016-07-02,12.778501,2016,7,2,184
2016-07-03,14.9785,2016,7,3,185
2016-07-04,17.6285,2016,7,4,186
2016-07-05,17.9285,2016,7,5,187
2016-07-06,22.728498,2016,7,6,188
2016-07-07,19.228498,2016,7,7,189
2016-07-08,20.978498,2016,7,8,190
2016-07-09,18.078499,2016,7,9,191
2016-07-10,16.228498,2016,7,10,192
2016-07-11,20.2785,2016,7,11,193
2016-07-12,21.828499,2016,7,12,194
2016-07-13,22.078499,2016,7,13,195
2016-07-14,20.3785,2016,7,14,196
2016-07-15,19.328499,2016,7,15,197
2016-07-16,16.7785,2016,7,16,198
2016-07-17,18.828499,2016,7,17,199
2016-07-18,23.5285,2016,7,18,200
2016-07-19,20.728498,2016,7,19,201
2016-07-20,22.728498,2016,7,20,202
2016-07-21,23.328499,2016,7,21,203
2016-07-22,23.228498,2016,7,22,204
2016-07-23,21.978498,2016,7,23,205
2016-07-24,24.078499,2016,7,24,206
2016-07-25,24.1785,2016,7,25,207
2016-07-26,21.478498,2016,7,26,208
2016-07-27,18.7785,2016,7,27,209
2016-07-28,21.9285,2016,7,28,210
2016-07-29,20.228498,2016,7,29,211
2016-07-30,18.0285,2016,7,30,212
2016-07-31,17.978498,2016,7,31,213
2016-08-01,20.2785,2016,8,1,214
2016-08-02,20.078499,2016,8,2,215
2016-08-03,21.078499,2016,8,3,216
2016-08-04,20.228498,2016,8,4,217
2016-08-05,23.2785,2016,8,5,218
2016-08-06,20.8785,2016,8,6,219
2016-08-07,20.6285,2016,8,7,220
2016-08-08,20.8785,2016,8,8,221
2016-08-09,20.6285,2016,8,9,222
2016-08-10,21.4285,2016,8,10,223
2016-08-11,23.578499,2016,8,11,224
2016-08-12,24.478498,2016,8,12,225
2016-08-13,23.728498,2016,8,13,226
2016-08-14,20.2785,2016,8,14,227
2016-08-15,20.328499,2016,8,15,228
2016-08-16,21.3785,2016,8,16,229
2016-08-17,19.828499,2016,8,17,230
2016-08-18,21.228498,2016,8,18,231
2016-08-19,21.6785,2016,8,19,232
2016-08-20,21.8785,2016,8,20,233
2016-08-21,16.3785,2016,8,21,234
2016-08-22,13.528501,2016,8,22,235
2016-08-23,16.1285,2016,8,23,236
2016-08-24,21.828499,2016,8,24,237
2016-08-25,22.828499,2016,8,25,238
2016-08-26,20.8785,2016,8,26,239
2016-08-27,22.3785,2016,8,27,240
2016-08-28,21.478498,2016,8,28,241
2016-08-29,21.4285,2016,8,29,242
2016-08-30,21.578499,2016,8,30,243
2016-08-31,20.7785,2016,8,31,244
2016-09-01,16.1285,2016,9,1,245
2016-09-02,15.278501,2016,9,2,246
2016-09-03,14.8285,2016,9,3,247
2016-09-04,15.6785,2016,9,4,248
2016-09-05,20.1785,2016,9,5,249
2016-09-06,23.2785,2016,9,6,250
2016-09-07,24.478498,2016,9,7,251
2016-09-08,24.078499,2016,9,8,252
2016-09-09,18.728498,2016,9,9,253
2016-09-10,18.7785,2016,9,10,254
2016-09-11,12.778501,2016,9,11,255
2016-09-12,13.6785,2016,9,12,256
2016-09-13,16.578499,2016,9,13,257
2016-09-14,19.5285,2016,9,14,258
2016-09-15,17.6285,2016,9,15,259
2016-09-16,20.328499,2016,9,16,260
2016-09-17,19.9285,2016,9,17,261
2016-09-18,17.0285,2016,9,18,262
2016-09-19,14.8785,2016,9,19,263
2016-09-20,18.328499,2016,9,20,264
2016-09-21,18.6285,2016,9,21,265
2016-09-22,17.478498,2016,9,22,266
2016-09-23,19.228498,2016,9,23,267
2016-09-24,20.0285,2016,9,24,268
2016-09-25,19.478498,2016,9,25,269
2016-09-26,14.7285,2016,9,26,270
2016-09-27,13.278501,2016,9,27,271
2016-09-28,13.3785,2016,9,28,272
2016-09-29,13.1785,2016,9,29,273
2016-09-30,14.6785,2016,9,30,274
2016-10-01,14.3785,2016,10,1,275
2016-10-02,12.6785,2016,10,2,276
2016-10-03,14.7285,2016,10,3,277
2016-10-04,15.1285,2016,10,4,278
2016-10-05,19.228498,2016,10,5,279
2016-10-06,18.6285,2016,10,6,280
2016-10-07,16.228498,2016,10,7,281
2016-10-08,8.6785,2016,10,8,282
2016-10-09,9.778501,2016,10,9,283
2016-10-10,8.9285,2016,10,10,284
2016-10-11,12.8285,2016,10,11,285
2016-10-12,15.1285,2016,10,12,286
2016-10-13,8.7285,2016,10,13,287
2016-10-14,6.9285,2016,10,14,288
2016-10-15,13.6285,2016,10,15,289
2016-10-16,18.5285,2016,10,16,290
2016-10-17,19.828499,2016,10,17,291
2016-10-18,21.978498,2016,10,18,292
2016-10-19,12.3785,2016,10,19,293
2016-10-20,12.7285,2016,10,20,294
2016-10-21,5.6785,2016,10,21,295
2016-10-22,1.9784999,2016,10,22,296
2016-10-23,8.9785,2016,10,23,297
2016-10-24,9.3785,2016,10,24,298
2016-10-25,5.7785,2016,10,25,299
2016-10-26,9.4785,2016,10,26,300
2016-10-27,9.6785,2016,10,27,301
2016-10-28,5.7285004,2016,10,28,302
2016-10-29,16.1285,2016,10,29,303
2016-10-30,14.6285,2016,10,30,304
2016-10-31,8.778501,2016,10,31,305
2016-11-01,16.5285,2016,11,1,306
2016-11-02,17.6785,2016,11,2,307
2016-11-03,16.4285,2016,11,3,308
2016-11-04,7.9785004,2016,11,4,309
2016-11-05,5.2785,2016,11,5,310
2016-11-06,5.3785,2016,11,6,311
2016-11-07,6.7285004,2016,11,7,312
2016-11-08,11.3785,2016,11,8,313
2016-11-09,6.6785,2016,11,9,314
2016-11-10,4.0785003,2016,11,10,315
2016-11-11,7.6785,2016,11,11,316
2016-11-12,0.5285,2016,11,12,317
2016-11-13,0.9285,2016,11,13,318
2016-11-14,3.8285,2016,11,14,319
2016-11-15,5.2285004,2016,11,15,320
2016-11-16,4.9785004,2016,11,16,321
2016-11-17,9.778501,2016,11,17,322
2016-11-18,11.5785,2016,11,18,323
2016-11-19,2.3285,2016,11,19,324
2016-11-20,-3.8215,2016,11,20,325
2016-11-21,-5.1714997,2016,11,21,326
2016-11-22,0.37849998,2016,11,22,327
2016-11-23,4.6785,2016,11,23,328
2016-11-24,3.5284998,2016,11,24,329
2016-11-25,3.2784998,2016,11,25,330
2016-11-26,-0.4215,2016,11,26,331
2016-11-27,0.4785,2016,11,27,332
2016-11-28,6.0785003,2016,11,28,333
2016-11-29,6.9785004,2016,11,29,334
2016-11-30,1.5785,2016,11,30,335
2016-12-01,0.4285,2016,12,1,336
2016-12-02,2.6285,2016,12,2,337
2016-12-03,1.0285001,2016,12,3,338
2016-12-04,0.4785,2016,12,4,339
2016-12-05,-0.3215,2016,12,5,340
2016-12-06,0.3285,2016,12,6,341
2016-12-07,-2.5215,2016,12,7,342
2016-12-08,-6.9214997,2016,12,8,343
2016-12-09,-6.3215,2016,12,9,344
2016-12-10,-8.1215,2016,12,10,345
2016-12-11,-3.1715,2016,12,11,346
2016-12-12,-5.7215,2016,12,12,347
2016-12-13,-6.4214997,2016,12,13,348
2016-12-14,-9.9215,2016,12,14,349
2016-12-15,-14.5215,2016,12,15,350
2016-12-16,-9.1215,2016,12,16,351
2016-12-17,-5.4214997,2016,12,17,352
2016-12-18,-14.1215,2016,12,18,353
2016-12-19,-19.1215,2016,12,19,354
2016-12-20,-10.1715,2016,12,20,355
2016-12-21,-5.2215,2016,12,21,356
2016-12-22,-0.9215,2016,12,22,357
2016-12-23,-2.1715,2016,12,23,358
2016-12-24,1.7284999,2016,12,24,359
2016-12-25,0.1785,2016,12,25,360
2016-12-26,6.0285,2016,12,26,361
2016-12-27,-2.4715002,2016,12,27,362
2016-12-28,-3.3215,2016,12,28,363
2016-12-29,0.1785,2016,12,29,364
2016-12-30,-3.0215,2016,12,30,365
2016-12-31,0.6285,2016,12,31,366
2017-01-01,-5.602,2017,1,1,1
2017-01-02,-0.652,2017,1,2,2
2017-01-03,2.598,2017,1,3,3
2017-01-04,-10.102,2017,1,4,4
2017-01-05,-11.002,2017,1,5,5
2017-01-06,-16.452,2017,1,6,6
2017-01-07,-16.052,2017,1,7,7
2017-01-08,-15.152,2017,1,8,8
2017-01-09,-8.002,2017,1,9,9
2017-01-10,-0.302,2017,1,10,10
2017-01-11,-4.102,2017,1,11,11
2017-01-12,-1.2520001,2017,1,12,12
2017-01-13,-6.702,2017,1,13,13
2017-01-14,-1.7520001,2017,1,14,14
2017-01-15,-2.9520001,2017,1,15,15
2017-01-16,0.398,2017,1,16,16
2017-01-17,3.848,2017,1,17,17
2017-01-18,1.3479999,2017,1,18,18
2017-01-19,-0.202,2017,1,19,19
2017-01-20,5.498,2017,1,20,20
2017-01-21,8.748,2017,1,21,21
2017-01-22,4.448,2017,1,22,22
2017-01-23,2.698,2017,1,23,23
2017-01-24,2.348,2017,1,24,24
2017-01-25,2.5479999,2017,1,25,25
2017-01-26,-0.70199996,2017,1,26,26
2017-01-27,-2.9520001,2017,1,27,27
2017-01-28,-4.252,2017,1,28,28
2017-01-29,-3.552,2017,1,29,29
2017-01-30,-7.952,2017,1,30,30
2017-01-31,0.198,2017,1,31,31
2017-02-01,0.99799997,2017,2,1,32
2017-02-02,-7.802,2017,2,2,33
2017-02-03,-7.352,2017,2,3,34
2017-02-04,-8.252,2017,2,4,35
2017-02-05,-1.802,2017,2,5,36
2017-02-06,-1.802,2017,2,6,37
2017-02-07,8.148,2017,2,7,38
2017-02-08,-2.102,2017,2,8,39
2017-02-09,-10.002,2017,2,9,40
2017-02-10,-9.702,2017,2,10,41
2017-02-11,3.698,2017,2,11,42
2017-02-12,2.948,2017,2,12,43
2017-02-13,-4.452,2017,2,13,44
2017-02-14,1.698,2017,2,14,45
2017-02-15,-2.2020001,2017,2,15,46
2017-02-16,-3.752,2017,2,16,47
2017-02-17,5.998,2017,2,17,48
2017-02-18,7.948,2017,2,18,49
2017-02-19,5.298,2017,2,19,50
2017-02-20,7.948,2017,2,20,51
2017-02-21,12.448,2017,2,21,52
2017-02-22,9.398,2017,2,22,53
2017-02-23,9.798,2017,2,23,54
2017-02-24,10.898,2017,2,24,55
2017-02-25,-3.502,2017,2,25,56
2017-02-26,-5.252,2017,2,26,57
2017-02-27,0.748,2017,2,27,58
2017-02-28,7.548,2017,2,28,59
2017-03-01,5.648,2017,3,1,60
2017-03-02,-0.802,2017,3,2,61
2017-03-03,-5.452,2017,3,3,62
2017-03-04,-1.602,2017,3,4,63
2017-03-05,3.698,2017,3,5,64
2017-03-06,9.148,2017,3,6,65
2017-03-07,8.498,2017,3,7,66
2017-03-08,3.848,2017,3,8,67
2017-03-09,1.698,2017,3,9,68
2017-03-10,-1.702,2017,3,10,69
2017-03-11,-5.202,2017,3,11,70
2017-03-12,-7.102,2017,3,12,71
2017-03-13,-2.352,2017,3,13,72
2017-03-14,-7.102,2017,3,14,73
2017-03-15,-9.152,2017,3,15,74
2017-03-16,-7.752,2017,3,16,75
2017-03-17,1.9979999,2017,3,17,76
2017-03-18,1.148,2017,3,18,77
2017-03-19,-2.502,2017,3,19,78
2017-03-20,6.448,2017,3,20,79
2017-03-21,3.248,2017,3,21,80
2017-03-22,-3.252,2017,3,22,81
2017-03-23,-1.352,2017,3,23,82
2017-03-24,8.748,2017,3,24,83
2017-03-25,13.348,2017,3,25,84
2017-03-26,11.448,2017,3,26,85
2017-03-27,7.298,2017,3,27,86
2017-03-28,6.298,2017,3,28,87
2017-03-29,6.448,2017,3,29,88
2017-03-30,10.148,2017,3,30,89
2017-03-31,4.348,2017,3,31,90
2017-04-01,1.2479999,2017,4,1,91
2017-04-02,5.098,2017,4,2,92
2017-04-03,10.698,2017,4,3,93
2017-04-04,9.248,2017,4,4,94
2017-04-05,6.648,2017,4,5,95
2017-04-06,2.448,2017,4,6,96
2017-04-07,0.398,2017,4,7,97
2017-04-08,2.2979999,2017,4,8,98
2017-04-09,12.648,2017,4,9,99
2017-04-10,16.848,2017,4,10,100
2017-04-11,8.248,2017,4,11,101
2017-04-12,3.148,2017,4,12,102
2017-04-13,8.498,2017,4,13,103
2017-04-14,11.048,2017,4,14,104
2017-04-15,16.998,2017,4,15,105
2017-04-16,15.548,2017,4,16,106
2017-04-17,11.098,2017,4,17,107
2017-04-18,9.398,2017,4,18,108
2017-04-19,15.848,2017,4,19,109
2017-04-20,19.448,2017,4,20,110
2017-04-21,7.148,2017,4,21,111
2017-04-22,6.748,2017,4,22,112
2017-04-23,4.648,2017,4,23,113
2017-04-24,6.598,2017,4,24,114
2017-04-25,10.348,2017,4,25,115
2017-04-26,17.398,2017,4,26,116
2017-04-27,7.648,2017,4,27,117
2017-04-28,8.348,2017,4,28,118
2017-04-29,8.498,2017,4,29,119
2017-04-30,12.448,2017,4,30,120
2017-05-01,9.848,2017,5,1,121
2017-05-02,6.698,2017,5,2,122
2017-05-03,3.598,2017,5,3,123
2017-05-04,7.398,2017,5,4,124
2017-05-05,6.198,2017,5,5,125
2017-05-06,5.048,2017,5,6,126
2017-05-07,3.7979999,2017,5,7,127
2017-05-08,4.248,2017,5,8,128
2017-05-09,9.598,2017,5,9,129
2017-05-10,11.848,2017,5,10,130
2017-05-11,14.048,2017,5,11,131
2017-05-12,9.948,2017,5,12,132
2017-05-13,8.798,2017,5,13,133
2017-05-14,14.848,2017,5,14,134
2017-05-15,13.798,2017,5,15,135
2017-05-16,16.748,2017,5,16,136
2017-05-17,20.948,2017,5,17,137
2017-05-18,20.198,2017,5,18,138
2017-05-19,12.198,2017,5,19,139
2017-05-20,11.248,2017,5,20,140
2017-05-21,14.098,2017,5,21,141
2017-05-22,8.848,2017,5,22,142
2017-05-23,13.598,2017,5,23,143
2017-05-24,11.548,2017,5,24,144
2017-05-25,12.198,2017,5,25,145
2017-05-26,12.398,2017,5,26,146
2017-05-27,15.898,2017,5,27,147
2017-05-28,16.548,2017,5,28,148
2017-05-29,14.698,2017,5,29,149
2017-05-30,12.948,2017,5,30,150
2017-05-31,12.598,2017,5,31,151
2017-06-01,10.248,2017,6,1,152
2017-06-02,11.748,2017,6,2,153
2017-06-03,16.948,2017,6,3,154
2017-06-04,20.198,2017,6,4,155
2017-06-05,19.698,2017,6,5,156
2017-06-06,11.748,2017,6,6,157
2017-06-07,12.948,2017,6,7,158
2017-06-08,10.398,2017,6,8,159
2017-06-09,16.098,2017,6,9,160
2017-06-10,18.148,2017,6,10,161
2017-06-11,20.698,2017,6,11,162
2017-06-12,22.098,2017,6,12,163
2017-06-13,24.148,2017,6,13,164
2017-06-14,23.198,2017,6,14,165
2017-06-15,20.798,2017,6,15,166
2017-06-16,21.148,2017,6,16,167
2017-06-17,22.348,2017,6,17,168
2017-06-18,21.398,2017,6,18,169
2017-06-19,18.148,2017,6,19,170
2017-06-20,16.548,2017,6,20,171
2017-06-21,17.948,2017,6,21,172
2017-06-22,22.298,2017,6,22,173
2017-06-23,21.448,2017,6,23,174
2017-06-24,16.398,2017,6,24,175
2017-06-25,14.448,2017,6,25,176
2017-06-26,13.248,2017,6,26,177
2017-06-27,10.398,2017,6,27,178
2017-06-28,15.398,2017,6,28,179
2017-06-29,23.048,2017,6,29,180
2017-06-30,20.148,2017,6,30,181
2017-07-01,19.148,2017,7,1,182
2017-07-02,16.498,2017,7,2,183
2017-07-03,20.398,2017,7,3,184
2017-07-04,19.748,2017,7,4,185
2017-07-05,21.298,2017,7,5,186
2017-07-06,20.548,2017,7,6,187
2017-07-07,22.248,2017,7,7,188
2017-07-08,19.148,2017,7,8,189
2017-07-09,16.148,2017,7,9,190
2017-07-10,23.398,2017,7,10,191
2017-07-11,21.248,2017,7,11,192
2017-07-12,22.748,2017,7,12,193
2017-07-13,23.598,2017,7,13,194
2017-07-14,20.248,2017,7,14,195
2017-07-15,14.798,2017,7,15,196
2017-07-16,17.498,2017,7,16,197
2017-07-17,18.148,2017,7,17,198
2017-07-18,17.398,2017,7,18,199
2017-07-19,21.998,2017,7,19,200
2017-07-20,24.798,2017,7,20,201
2017-07-21,23.198,2017,7,21,202
2017-07-22,23.948,2017,7,22,203
2017-07-23,21.498,2017,7,23,204
2017-07-24,19.098,2017,7,24,205
2017-07-25,18.248,2017,7,25,206
2017-07-26,18.848,2017,7,26,207
2017-07-27,23.048,2017,7,27,208
2017-07-28,19.398,2017,7,28,209
2017-07-29,15.997999,2017,7,29,210
2017-07-30,15.448,2017,7,30,211
2017-07-31,17.748,2017,7,31,212
2017-08-01,19.448,2017,8,1,213
2017-08-02,18.248,2017,8,2,214
2017-08-03,19.298,2017,8,3,215
2017-08-04,14.198,2017,8,4,216
2017-08-05,14.548,2017,8,5,217
2017-08-06,18.398,2017,8,6,218
2017-08-07,16.898,2017,8,7,219
2017-08-08,13.348,2017,8,8,220
2017-08-09,14.448,2017,8,9,221
2017-08-10,16.398,2017,8,10,222
2017-08-11,19.648,2017,8,11,223
2017-08-12,16.298,2017,8,12,224
2017-08-13,13.848,2017,8,13,225
2017-08-14,19.148,2017,8,14,226
2017-08-15,20.398,2017,8,15,227
2017-08-16,20.498,2017,8,16,228
2017-08-17,21.948,2017,8,17,229
2017-08-18,19.648,2017,8,18,230
2017-08-19,18.848,2017,8,19,231
2017-08-20,19.198,2017,8,20,232
2017-08-21,21.448,2017,8,21,233
2017-08-22,20.098,2017,8,22,234
2017-08-23,14.998,2017,8,23,235
2017-08-24,12.548,2017,8,24,236
2017-08-25,12.898,2017,8,25,237
2017-08-26,14.448,2017,8,26,238
2017-08-27,15.548,2017,8,27,239
2017-08-28,17.748,2017,8,28,240
2017-08-29,16.098,2017,8,29,241
2017-08-30,16.198,2017,8,30,242
2017-08-31,17.148,2017,8,31,243
2017-09-01,14.098,2017,9,1,244
2017-09-02,9.698,2017,9,2,245
2017-09-03,16.548,2017,9,3,246
2017-09-04,17.798,2017,9,4,247
2017-09-05,14.298,2017,9,5,248
2017-09-06,11.098,2017,9,6,249
2017-09-07,10.398,2017,9,7,250
2017-09-08,10.748,2017,9,8,251
2017-09-09,13.648,2017,9,9,252
2017-09-10,11.298,2017,9,10,253
2017-09-11,11.548,2017,9,11,254
2017-09-12,13.848,2017,9,12,255
2017-09-13,16.998,2017,9,13,256
2017-09-14,15.198,2017,9,14,257
2017-09-15,16.848,2017,9,15,258
2017-09-16,19.048,2017,9,16,259
2017-09-17,20.348,2017,9,17,260
2017-09-18,20.098,2017,9,18,261
2017-09-19,19.798,2017,9,19,262
2017-09-20,19.998,2017,9,20,263
2017-09-21,22.598,2017,9,21,264
2017-09-22,22.198,2017,9,22,265
2017-09-23,20.998,2017,9,23,266
2017-09-24,19.698,2017,9,24,267
2017-09-25,20.148,2017,9,25,268
2017-09-26,21.698,2017,9,26,269
2017-09-27,18.798,2017,9,27,270
2017-09-28,12.648,2017,9,28,271
2017-09-29,12.148,2017,9,29,272
2017-09-30,10.448,2017,9,30,273
2017-10-01,10.998,2017,10,1,274
2017-10-02,18.148,2017,10,2,275
2017-10-03,19.348,2017,10,3,276
2017-10-04,20.448,2017,10,4,277
2017-10-05,15.997999,2017,10,5,278
2017-10-06,18.648,2017,10,6,279
2017-10-07,17.648,2017,10,7,280
2017-10-08,12.998,2017,10,8,281
2017-10-09,15.048,2017,10,9,282
2017-10-10,18.248,2017,10,10,283
2017-10-11,12.948,2017,10,11,284
2017-10-12,14.398,2017,10,12,285
2017-10-13,11.298,2017,10,13,286
2017-10-14,17.248,2017,10,14,287
2017-10-15,11.948,2017,10,15,288
2017-10-16,5.848,2017,10,16,289
2017-10-17,8.148,2017,10,17,290
2017-10-18,8.848,2017,10,18,291
2017-10-19,11.648,2017,10,19,292
2017-10-20,12.198,2017,10,20,293
2017-10-21,14.198,2017,10,21,294
2017-10-22,13.848,2017,10,22,295
2017-10-23,11.148,2017,10,23,296
2017-10-24,5.448,2017,10,24,297
2017-10-25,2.948,2017,10,25,298
2017-10-26,3.698,2017,10,26,299
2017-10-27,3.9980001,2017,10,27,300
2017-10-28,1.0979999,2017,10,28,301
2017-10-29,0.49800003,2017,10,29,302
2017-10-30,3.9980001,2017,10,30,303
2017-10-31,0.148,2017,10,31,304
2017-11-01,2.098,2017,11,1,305
2017-11-02,6.498,2017,11,2,306
2017-11-03,6.898,2017,11,3,307
2017-11-04,6.848,2017,11,4,308
2017-11-05,11.698,2017,11,5,309
2017-11-06,3.648,2017,11,6,310
2017-11-07,4.348,2017,11,7,311
2017-11-08,0.748,2017,11,8,312
2017-11-09,-0.302,2017,11,9,313
2017-11-10,-6.402,2017,11,10,314
2017-11-11,-3.402,2017,11,11,315
2017-11-12,2.448,2017,11,12,316
2017-11-13,2.098,2017,11,13,317
2017-11-14,0.398,2017,11,14,318
2017-11-15,6.798,2017,11,15,319
2017-11-16,-2.2020001,2017,11,16,320
2017-11-17,-1.052,2017,11,17,321
2017-11-18,2.748,2017,11,18,322
2017-11-19,-3.102,2017,11,19,323
2017-11-20,-1.6520001,2017,11,20,324
2017-11-21,2.7979999,2017,11,21,325
2017-11-22,-5.602,2017,11,22,326
2017-11-23,-2.152,2017,11,23,327
2017-11-24,0.99799997,2017,11,24,328
2017-11-25,5.248,2017,11,25,329
2017-11-26,-2.602,2017,11,26,330
2017-11-27,3.198,2017,11,27,331
2017-11-28,9.948,2017,11,28,332
2017-11-29,1.898,2017,11,29,333
2017-11-30,6.548,2017,11,30,334
2017-12-01,-1.9020001,2017,12,1,335
2017-12-02,2.498,2017,12,2,336
2017-12-03,-1.5020001,2017,12,3,337
2017-12-04,9.548,2017,12,4,338
2017-12-05,0.29799998,2017,12,5,339
2017-12-06,-1.1520001,2017,12,6,340
2017-12-07,-6.302,2017,12,7,341
2017-12-08,-8.052,2017,12,8,342
2017-12-09,-3.352,2017,12,9,343
2017-12-10,-5.952,2017,12,10,344
2017-12-11,-4.502,2017,12,11,345
2017-12-12,-5.852,2017,12,12,346
2017-12-13,-5.502,2017,12,13,347
2017-12-14,-4.602,2017,12,14,348
2017-12-15,-4.652,2017,12,15,349
2017-12-16,-0.552,2017,12,16,350
2017-12-17,3.598,2017,12,17,351
2017-12-18,4.848,2017,12,18,352
2017-12-19,3.348,2017,12,19,353
2017-12-20,-1.102,2017,12,20,354
2017-12-21,-1.6520001,2017,12,21,355
2017-12-22,4.898,2017,12,22,356
2017-12-23,-1.102,2017,12,23,357
2017-12-24,-6.052,2017,12,24,358
2017-12-25,-9.502,2017,12,25,359
2017-12-26,-15.402,2017,12,26,360
2017-12-27,-18.552,2017,12,27,361
2017-12-28,-14.952,2017,12,28,362
2017-12-29,-11.552,2017,12,29,363
2017-12-30,-16.802,2017,12,30,364
2017-12-31,-18.602,2017,12,31,365
2018-01-01,-24.002,2018,1,1,1
2018-01-02,-23.052,2018,1,2,2
2018-01-03,-14.052,2018,1,3,3
2018-01-04,-18.952,2018,1,4,4
2018-01-05,-18.102,2018,1,5,5
2018-01-06,-22.802,2018,1,6,6
2018-01-07,-16.702,2018,1,7,7
2018-01-08,-1.452,2018,1,8,8
2018-01-09,-4.452,2018,1,9,9
2018-01-10,-0.202,2018,1,10,10
2018-01-11,10.898,2018,1,11,11
2018-01-12,-8.452,2018,1,12,12
2018-01-13,-12.102,2018,1,13,13
2018-01-14,-15.102,2018,1,14,14
2018-01-15,-10.102,2018,1,15,15
2018-01-16,-17.552,2018,1,16,16
2018-01-17,-15.702,2018,1,17,17
2018-01-18,-8.902,2018,1,18,18
2018-01-19,-3.902,2018,1,19,19
2018-01-20,-0.402,2018,1,20,20
2018-01-21,1.8479999,2018,1,21,21
2018-01-22,9.298,2018,1,22,22
2018-01-23,-0.0020000003,2018,1,23,23
2018-01-24,-3.652,2018,1,24,24
2018-01-25,-4.202,2018,1,25,25
2018-01-26,2.198,2018,1,26,26
2018-01-27,3.498,2018,1,27,27
2018-01-28,-1.6520001,2018,1,28,28
2018-01-29,-2.902,2018,1,29,29
2018-01-30,-8.702,2018,1,30,30
2018-01-31,-2.2020001,2018,1,31,31
2018-02-01,-6.252,2018,2,1,32
2018-02-02,-13.452,2018,2,2,33
2018-02-03,-7.552,2018,2,3,34
2018-02-04,-7.402,2018,2,4,35
2018-02-05,-16.302,2018,2,5,36
2018-02-06,-11.952,2018,2,6,37
2018-02-07,-8.302,2018,2,7,38
2018-02-08,-10.652,2018,2,8,39
2018-02-09,-1.9020001,2018,2,9,40
2018-02-10,-4.902,2018,2,10,41
2018-02-11,-6.502,2018,2,11,42
2018-02-12,-13.252,2018,2,12,43
2018-02-13,-8.202,2018,2,13,44
2018-02-14,0.448,2018,2,14,45
2018-02-15,8.848,2018,2,15,46
2018-02-16,1.198,2018,2,16,47
2018-02-17,-6.102,2018,2,17,48
2018-02-18,-5.852,2018,2,18,49
2018-02-19,3.948,2018,2,19,50
2018-02-20,14.598,2018,2,20,51
2018-02-21,-1.702,2018,2,21,52
2018-02-22,-0.352,2018,2,22,53
2018-02-23,5.398,2018,2,23,54
2018-02-24,2.2979999,2018,2,24,55
2018-02-25,-0.0020000003,2018,2,25,56
2018-02-26,-2.852,2018,2,26,57
2018-02-27,3.2979999,2018,2,27,58
2018-02-28,8.648,2018,2,28,59
2018-03-01,5.148,2018,3,1,60
2018-03-02,-1.802,2018,3,2,61
2018-03-03,-2.902,2018,3,3,62
2018-03-04,-1.452,2018,3,4,63
2018-03-05,1.798,2018,3,5,64
2018-03-06,-2.2020001,2018,3,6,65
2018-03-07,-1.702,2018,3,7,66
2018-03-08,-6.102,2018,3,8,67
2018-03-09,-5.552,2018,3,9,68
2018-03-10,-3.402,2018,3,10,69
2018-03-11,-0.802,2018,3,11,70
2018-03-12,-3.052,2018,3,12,71
2018-03-13,-3.002,2018,3,13,72
2018-03-14,-6.002,2018,3,14,73
2018-03-15,-0.402,2018,3,15,74
2018-03-16,-3.902,2018,3,16,75
2018-03-17,1.198,2018,3,17,76
2018-03-18,-4.502,2018,3,18,77
2018-03-19,2.0479999,2018,3,19,78
2018-03-20,-1.6520001,2018,3,20,79
2018-03-21,-2.302,2018,3,21,80
2018-03-22,-4.952,2018,3,22,81
2018-03-23,-0.902,2018,3,23,82
2018-03-24,-0.252,2018,3,24,83
2018-03-25,-4.302,2018,3,25,84
2018-03-26,-1.552,2018,3,26,85
2018-03-27,8.698,2018,3,27,86
2018-03-28,4.548,2018,3,28,87
2018-03-29,7.198,2018,3,29,88
2018-03-30,1.448,2018,3,30,89
2018-03-31,1.7479999,2018,3,31,90
2018-04-01,-2.502,2018,4,1,91
2018-04-02,-6.702,2018,4,2,92
2018-04-03,5.698,2018,4,3,93
2018-04-04,-3.602,2018,4,4,94
2018-04-05,-4.652,2018,4,5,95
2018-04-06,-0.652,2018,4,6,96
2018-04-07,-5.952,2018,4,7,97
2018-04-08,-5.452,2018,4,8,98
2018-04-09,-0.302,2018,4,9,99
2018-04-10,-1.852,2018,4,10,100
2018-04-11,0.948,2018,4,11,101
2018-04-12,12.098,2018,4,12,102
2018-04-13,15.997999,2018,4,13,103
2018-04-14,14.248,2018,4,14,104
2018-04-15,4.698,2018,4,15,105
2018-04-16,-2.252,2018,4,16,106
2018-04-17,-2.902,2018,4,17,107
2018-04-18,0.848,2018,4,18,108
2018-04-19,0.49800003,2018,4,19,109
2018-04-20,-0.902,2018,4,20,110
2018-04-21,4.348,2018,4,21,111
2018-04-22,7.648,2018,4,22,112
2018-04-23,7.798,2018,4,23,113
2018-04-24,10.298,2018,4,24,114
2018-04-25,7.398,2018,4,25,115
2018-04-26,2.098,2018,4,26,116
2018-04-27,7.798,2018,4,27,117
2018-04-28,2.998,2018,4,28,118
2018-04-29,-0.202,2018,4,29,119
2018-04-30,4.098,2018,4,30,120
2018-05-01,11.348,2018,5,1,121
2018-05-02,17.898,2018,5,2,122
2018-05-03,18.048,2018,5,3,123
2018-05-04,18.348,2018,5,4,124
2018-05-05,10.848,2018,5,5,125
2018-05-06,11.898,2018,5,6,126
2018-05-07,9.148,2018,5,7,127
2018-05-08,10.198,2018,5,8,128
2018-05-09,14.198,2018,5,9,129
2018-05-10,14.198,2018,5,10,130
2018-05-11,14.398,2018,5,11,131
2018-05-12,20.398,2018,5,12,132
2018-05-13,16.648,2018,5,13,133
2018-05-14,19.798,2018,5,14,134
2018-05-15,20.398,2018,5,15,135
2018-05-16,13.598,2018,5,16,136
2018-05-17,15.098,2018,5,17,137
2018-05-18,17.398,2018,5,18,138
2018-05-19,17.948,2018,5,19,139
2018-05-20,17.048,2018,5,20,140
2018-05-21,16.848,2018,5,21,141
2018-05-22,18.898,2018,5,22,142
2018-05-23,13.598,2018,5,23,143
2018-05-24,16.198,2018,5,24,144
2018-05-25,17.198,2018,5,25,145
2018-05-26,20.348,2018,5,26,146
2018-05-27,20.348,2018,5,27,147
2018-05-28,20.498,2018,5,28,148
2018-05-29,21.048,2018,5,29,149
2018-05-30,21.398,2018,5,30,150
2018-05-31,20.998,2018,5,31,151
2018-06-01,19.948,2018,6,1,152
2018-06-02,14.148,2018,6,2,153
2018-06-03,17.948,2018,6,3,154
2018-06-04,13.448,2018,6,4,155
2018-06-05,16.748,2018,6,5,156
2018-06-06,13.748,2018,6,6,157
2018-06-07,20.298,2018,6,7,158
2018-06-08,21.048,2018,6,8,159
2018-06-09,21.498,2018,6,9,160
2018-06-10,19.498,2018,6,10,161
2018-06-11,20.398,2018,6,11,162
2018-06-12,20.048,2018,6,12,163
2018-06-13,20.948,2018,6,13,164
2018-06-14,15.048,2018,6,14,165
2018-06-15,19.198,2018,6,15,166
2018-06-16,22.248,2018,6,16,167
2018-06-17,23.648,2018,6,17,168
2018-06-18,25.048,2018,6,18,169
2018-06-19,23.848,2018,6,19,170
2018-06-20,22.498,2018,6,20,171
2018-06-21,20.748,2018,6,21,172
2018-06-22,18.848,2018,6,22,173
2018-06-23,16.648,2018,6,23,174
2018-06-24,16.248,2018,6,24,175
2018-06-25,17.248,2018,6,25,176
2018-06-26,19.848,2018,6,26,177
2018-06-27,20.698,2018,6,27,178
2018-06-28,19.198,2018,6,28,179
2018-06-29,21.798,2018,6,29,180
2018-06-30,24.348,2018,6,30,181
2018-07-01,23.398,2018,7,1,182
2018-07-02,22.448,2018,7,2,183
2018-07-03,22.048,2018,7,3,184
2018-07-04,23.648,2018,7,4,185
2018-07-05,23.998,2018,7,5,186
2018-07-06,22.598,2018,7,6,187
2018-07-07,15.598,2018,7,7,188
2018-07-08,15.498,2018,7,8,189
2018-07-09,20.198,2018,7,9,190
2018-07-10,22.848,2018,7,10,191
2018-07-11,18.398,2018,7,11,192
2018-07-12,20.298,2018,7,12,193
2018-07-13,19.698,2018,7,13,194
2018-07-14,22.048,2018,7,14,195
2018-07-15,22.398,2018,7,15,196
2018-07-16,22.798,2018,7,16,197
2018-07-17,20.698,2018,7,17,198
2018-07-18,17.698,2018,7,18,199
2018-07-19,18.248,2018,7,19,200
2018-07-20,19.048,2018,7,20,201
2018-07-21,20.748,2018,7,21,202
2018-07-22,19.948,2018,7,22,203
2018-07-23,17.548,2018,7,23,204
2018-07-24,18.698,2018,7,24,205
2018-07-25,19.148,2018,7,25,206
2018-07-26,19.698,2018,7,26,207
2018-07-27,16.098,2018,7,27,208
2018-07-28,16.198,2018,7,28,209
2018-07-29,16.748,2018,7,29,210
2018-07-30,16.598,2018,7,30,211
2018-07-31,16.898,2018,7,31,212
2018-08-01,14.898,2018,8,1,213
2018-08-02,17.848,2018,8,2,214
2018-08-03,18.348,2018,8,3,215
2018-08-04,21.098,2018,8,4,216
2018-08-05,22.348,2018,8,5,217
2018-08-06,22.498,2018,8,6,218
2018-08-07,21.098,2018,8,7,219
2018-08-08,20.398,2018,8,8,220
2018-08-09,18.048,2018,8,9,221
2018-08-10,20.648,2018,8,10,222
2018-08-11,19.548,2018,8,11,223
2018-08-12,17.998,2018,8,12,224
2018-08-13,19.848,2018,8,13,225
2018-08-14,18.598,2018,8,14,226
2018-08-15,21.598,2018,8,15,227
2018-08-16,21.348,2018,8,16,228
2018-08-17,21.448,2018,8,17,229
2018-08-18,19.848,2018,8,18,230
2018-08-19,18.448,2018,8,19,231
2018-08-20,21.698,2018,8,20,232
2018-08-21,19.198,2018,8,21,233
2018-08-22,16.948,2018,8,22,234
2018-08-23,13.298,2018,8,23,235
2018-08-24,16.798,2018,8,24,236
2018-08-25,18.698,2018,8,25,237
2018-08-26,23.448,2018,8,26,238
2018-08-27,23.848,2018,8,27,239
2018-08-28,24.598,2018,8,28,240
2018-08-29,21.398,2018,8,29,241
2018-08-30,18.098,2018,8,30,242
2018-08-31,17.648,2018,8,31,243
2018-09-01,22.098,2018,9,1,244
2018-09-02,21.898,2018,9,2,245
2018-09-03,23.148,2018,9,3,246
2018-09-04,22.798,2018,9,4,247
2018-09-05,22.948,2018,9,5,248
2018-09-06,21.448,2018,9,6,249
2018-09-07,20.448,2018,9,7,250
2018-09-08,14.948,2018,9,8,251
2018-09-09,14.048,2018,9,9,252
2018-09-10,12.848,2018,9,10,253
2018-09-11,14.498,2018,9,11,254
2018-09-12,14.148,2018,9,12,255
2018-09-13,14.198,2018,9,13,256
2018-09-14,17.198,2018,9,14,257
2018-09-15,18.098,2018,9,15,258
2018-09-16,20.048,2018,9,16,259
2018-09-17,20.448,2018,9,17,260
2018-09-18,19.698,2018,9,18,261
2018-09-19,20.298,2018,9,19,262
2018-09-20,22.898,2018,9,20,263
2018-09-21,21.898,2018,9,21,264
2018-09-22,14.048,2018,9,22,265
2018-09-23,10.148,2018,9,23,266
2018-09-24,16.498,2018,9,24,267
2018-09-25,19.648,2018,9,25,268
2018-09-26,12.898,2018,9,26,269
2018-09-27,10.848,2018,9,27,270
2018-09-28,11.548,2018,9,28,271
2018-09-29,8.398,2018,9,29,272
2018-09-30,13.498,2018,9,30,273
2018-10-01,15.997999,2018,10,1,274
2018-10-02,20.348,2018,10,2,275
2018-10-03,19.248,2018,10,3,276
2018-10-04,16.848,2018,10,4,277
2018-10-05,11.598,2018,10,5,278
2018-10-06,22.898,2018,10,6,279
2018-10-07,15.198,2018,10,7,280
2018-10-08,21.398,2018,10,8,281
2018-10-09,21.848,2018,10,9,282
2018-10-10,21.098,2018,10,10,283
2018-10-11,7.398,2018,10,11,284
2018-10-12,2.598,2018,10,12,285
2018-10-13,1.448,2018,10,13,286
2018-10-14,3.9980001,2018,10,14,287
2018-10-15,3.498,2018,10,15,288
2018-10-16,0.698,2018,10,16,289
2018-10-17,6.198,2018,10,17,290
2018-10-18,0.948,2018,10,18,291
2018-10-19,5.748,2018,10,19,292
2018-10-20,5.198,2018,10,20,293
2018-10-21,-2.4520001,2018,10,21,294
2018-10-22,5.248,2018,10,22,295
2018-10-23,5.698,2018,10,23,296
2018-10-24,2.198,2018,10,24,297
2018-10-25,4.448,2018,10,25,298
2018-10-26,6.748,2018,10,26,299
2018-10-27,4.698,2018,10,27,300
2018-10-28,6.898,2018,10,28,301
2018-10-29,4.348,2018,10,29,302
2018-10-30,8.748,2018,10,30,303
2018-10-31,11.248,2018,10,31,304
2018-11-01,5.648,2018,11,1,305
2018-11-02,2.498,2018,11,2,306
2018-11-03,0.99799997,2018,11,3,307
2018-11-04,8.998,2018,11,4,308
2018-11-05,4.298,2018,11,5,309
2018-11-06,8.198,2018,11,6,310
2018-11-07,2.098,2018,11,7,311
2018-11-08,-2.152,2018,11,8,312
2018-11-09,-0.102,2018,11,9,313
2018-11-10,-7.802,2018,11,10,314
2018-11-11,-4.402,2018,11,11,315
2018-11-12,-0.852,2018,11,12,316
2018-11-13,-6.602,2018,11,13,317
2018-11-14,-7.152,2018,11,14,318
2018-11-15,-3.402,2018,11,15,319
2018-11-16,-3.902,2018,11,16,320
2018-11-17,-4.052,2018,11,17,321
2018-11-18,0.79800004,2018,11,18,322
2018-11-19,-0.552,2018,11,19,323
2018-11-20,-4.102,2018,11,20,324
2018-11-21,-3.002,2018,11,21,325
2018-11-22,-2.7020001,2018,11,22,326
2018-11-23,3.448,2018,11,23,327
2018-11-24,6.798,2018,11,24,328
2018-11-25,4.248,2018,11,25,329
2018-11-26,-3.7020001,2018,11,26,330
2018-11-27,-8.702,2018,11,27,331
2018-11-28,-8.452,2018,11,28,332
2018-11-29,-2.652,2018,11,29,333
2018-11-30,-1.452,2018,11,30,334
2018-12-01,3.9980001,2018,12,1,335
2018-12-02,4.048,2018,12,2,336
2018-12-03,1.048,2018,12,3,337
2018-12-04,-2.802,2018,12,4,338
2018-12-05,-4.402,2018,12,5,339
2018-12-06,-2.652,2018,12,6,340
2018-12-07,-8.752,2018,12,7,341
2018-12-08,-7.452,2018,12,8,342
2018-12-09,-8.702,2018,12,9,343
2018-12-10,-8.802,2018,12,10,344
2018-12-11,-4.952,2018,12,11,345
2018-12-12,0.79800004,2018,12,12,346
2018-12-13,-2.302,2018,12,13,347
2018-12-14,5.548,2018,12,14,348
2018-12-15,3.0479999,2018,12,15,349
2018-12-16,-2.502,2018,12,16,350
2018-12-17,-0.45200002,2018,12,17,351
2018-12-18,-3.752,2018,12,18,352
2018-12-19,-0.302,2018,12,19,353
2018-12-20,5.348,2018,12,20,354
2018-12-21,1.298,2018,12,21,355
2018-12-22,-2.102,2018,12,22,356
2018-12-23,-3.752,2018,12,23,357
2018-12-24,-4.902,2018,12,24,358
2018-12-25,1.3479999,2018,12,25,359
2018-12-26,-2.502,2018,12,26,360
2018-12-27,4.148,2018,12,27,361
2018-12-28,-0.15200001,2018,12,28,362
2018-12-29,-6.102,2018,12,29,363
2018-12-30,-6.102,2018,12,30,364
2018-12-31,-1.4020001,2018,12,31,365
2019-01-01,0.948,2019,1,1,1
2019-01-02,-0.602,2019,1,2,2
2019-01-03,-4.752,2019,1,3,3
2019-01-04,-3.602,2019,1,4,4
2019-01-05,0.54800004,2019,1,5,5
2019-01-06,1.398,2019,1,6,6
2019-01-07,6.648,2019,1,7,7
2019-01-08,5.498,2019,1,8,8
2019-01-09,-6.502,2019,1,9,9
2019-01-10,-8.102,2019,1,10,10
2019-01-11,-6.352,2019,1,11,11
2019-01-12,-2.602,2019,1,12,12
2019-01-13,-3.802,2019,1,13,13
2019-01-14,-12.152,2019,1,14,14
2019-01-15,-4.852,2019,1,15,15
2019-01-16,-2.252,2019,1,16,16
2019-01-17,-0.602,2019,1,17,17
2019-01-18,-2.852,2019,1,18,18
2019-01-19,-3.902,2019,1,19,19
2019-01-20,-15.452,2019,1,20,20
2019-01-21,-21.352,2019,1,21,21
2019-01-22,-8.752,2019,1,22,22
2019-01-23,-4.902,2019,1,23,23
2019-01-24,-12.502,2019,1,24,24
2019-01-25,-18.602,2019,1,25,25
2019-01-26,-14.702,2019,1,26,26
2019-01-27,-16.052,2019,1,27,27
2019-01-28,-9.952,2019,1,28,28
2019-01-29,-15.752,2019,1,29,29
2019-01-30,-27.702,2019,1,30,30
2019-01-31,-21.702,2019,1,31,31
2019-02-01,-10.852,2019,2,1,32
2019-02-02,-5.902,2019,2,2,33
2019-02-03,3.098,2019,2,3,34
2019-02-04,7.848,2019,2,4,35
2019-02-05,-6.252,2019,2,5,36
2019-02-06,1.0979999,2019,2,6,37
2019-02-07,-2.552,2019,2,7,38
2019-02-08,-12.902,2019,2,8,39
2019-02-09,-13.702,2019,2,9,40
2019-02-10,-6.402,2019,2,10,41
2019-02-11,-1.2520001,2019,2,11,42
2019-02-12,-1.702,2019,2,12,43
2019-02-13,-9.352,2019,2,13,44
2019-02-14,-2.7020001,2019,2,14,45
2019-02-15,-10.452,2019,2,15,46
2019-02-16,-8.852,2019,2,16,47
2019-02-17,-5.702,2019,2,17,48
2019-02-18,-4.002,2019,2,18,49
2019-02-19,-6.702,2019,2,19,50
2019-02-20,-1.852,2019,2,20,51
2019-02-21,-2.7020001,2019,2,21,52
2019-02-22,-3.602,2019,2,22,53
2019-02-23,-0.15200001,2019,2,23,54
2019-02-24,-3.352,2019,2,24,55
2019-02-25,-11.152,2019,2,25,56
2019-02-26,-5.502,2019,2,26,57
2019-02-27,-2.802,2019,2,27,58
2019-02-28,-7.852,2019,2,28,59
2019-03-01,-5.252,2019,3,1,60
2019-03-02,-2.502,2019,3,2,61
2019-03-03,-4.852,2019,3,3,62
2019-03-04,-17.552,2019,3,4,63
2019-03-05,-12.352,2019,3,5,64
2019-03-06,-11.152,2019,3,6,65
2019-03-07,-4.352,2019,3,7,66
2019-03-08,-3.102,2019,3,8,67
2019-03-09,-1.6520001,2019,3,9,68
2019-03-10,1.048,2019,3,10,69
2019-03-11,-4.052,2019,3,11,70
2019-03-12,-4.402,2019,3,12,71
2019-03-13,4.648,2019,3,13,72
2019-03-14,11.198,2019,3,14,73
2019-03-15,1.398,2019,3,15,74
2019-03-16,-3.4520001,2019,3,16,75
2019-03-17,-1.302,2019,3,17,76
2019-03-18,-3.802,2019,3,18,77
2019-03-19,-3.252,2019,3,19,78
2019-03-20,3.648,2019,3,20,79
2019-03-21,1.548,2019,3,21,80
2019-03-22,1.148,2019,3,22,81
2019-03-23,-4.152,2019,3,23,82
2019-03-24,4.998,2019,3,24,83
2019-03-25,3.0479999,2019,3,25,84
2019-03-26,-3.7020001,2019,3,26,85
2019-03-27,-3.302,2019,3,27,86
2019-03-28,6.998,2019,3,28,87
2019-03-29,10.348,2019,3,29,88
2019-03-30,3.848,2019,3,30,89
2019-03-31,-4.852,2019,3,31,90
2019-04-01,-4.352,2019,4,1,91
2019-04-02,1.298,2019,4,2,92
2019-04-03,0.648,2019,4,3,93
2019-04-04,7.048,2019,4,4,94
2019-04-05,8.048,2019,4,5,95
2019-04-06,5.598,2019,4,6,96
2019-04-07,11.098,2019,4,7,97
2019-04-08,11.748,2019,4,8,98
2019-04-09,10.398,2019,4,9,99
2019-04-10,4.948,2019,4,10,100
2019-04-11,8.048,2019,4,11,101
2019-04-12,6.298,2019,4,12,102
2019-04-13,1.898,2019,4,13,103
2019-04-14,1.5979999,2019,4,14,104
2019-04-15,-1.302,2019,4,15,105
2019-04-16,8.198,2019,4,16,106
2019-04-17,13.448,2019,4,17,107
2019-04-18,9.798,2019,4,18,108
2019-04-19,4.598,2019,4,19,109
2019-04-20,4.098,2019,4,20,110
2019-04-21,3.0479999,2019,4,21,111
2019-04-22,10.798,2019,4,22,112
2019-04-23,12.498,2019,4,23,113
2019-04-24,8.498,2019,4,24,114
2019-04-25,8.898,2019,4,25,115
2019-04-26,7.898,2019,4,26,116
2019-04-27,5.798,2019,4,27,117
2019-04-28,2.5479999,2019,4,28,118
2019-04-29,7.598,2019,4,29,119
2019-04-30,9.098,2019,4,30,120
2019-05-01,15.198,2019,5,1,121
2019-05-02,12.948,2019,5,2,122
2019-05-03,8.198,2019,5,3,123
2019-05-04,7.698,2019,5,4,124
2019-05-05,5.598,2019,5,5,125
2019-05-06,10.648,2019,5,6,126
2019-05-07,9.948,2019,5,7,127
2019-05-08,10.548,2019,5,8,128
2019-05-09,16.398,2019,5,9,129
2019-05-10,7.748,2019,5,10,130
2019-05-11,5.798,2019,5,11,131
2019-05-12,6.948,2019,5,12,132
2019-05-13,5.248,2019,5,13,133
2019-05-14,5.898,2019,5,14,134
2019-05-15,11.398,2019,5,15,135
2019-05-16,12.298,2019,5,16,136
2019-05-17,18.648,2019,5,17,137
2019-05-18,17.698,2019,5,18,138
2019-05-19,18.298,2019,5,19,139
2019-05-20,10.098,2019,5,20,140
2019-05-21,7.348,2019,5,21,141
2019-05-22,12.648,2019,5,22,142
2019-05-23,19.148,2019,5,23,143
2019-05-24,16.398,2019,5,24,144
2019-05-25,22.198,2019,5,25,145
2019-05-26,18.548,2019,5,26,146
2019-05-27,14.998,2019,5,27,147
2019-05-28,21.748,2019,5,28,148
2019-05-29,15.997999,2019,5,29,149
2019-05-30,18.048,2019,5,30,150
2019-05-31,15.198,2019,5,31,151
2019-06-01,16.498,2019,6,1,152
2019-06-02,15.698,2019,6,2,153
2019-06-03,11.098,2019,6,3,154
2019-06-04,16.848,2019,6,4,155
2019-06-05,20.748,2019,6,5,156
2019-06-06,18.798,2019,6,6,157
2019-06-07,17.948,2019,6,7,158
2019-06-08,16.548,2019,6,8,159
2019-06-09,19.198,2019,6,9,160
2019-06-10,16.598,2019,6,10,161
2019-06-11,11.348,2019,6,11,162
2019-06-12,15.448,2019,6,12,163
2019-06-13,10.798,2019,6,13,164
2019-06-14,10.398,2019,6,14,165
2019-06-15,16.248,2019,6,15,166
2019-06-16,18.998,2019,6,16,167
2019-06-17,15.398,2019,6,17,168
2019-06-18,15.648,2019,6,18,169
2019-06-19,17.298,2019,6,19,170
2019-06-20,14.798,2019,6,20,171
2019-06-21,13.648,2019,6,21,172
2019-06-22,17.948,2019,6,22,173
2019-06-23,19.398,2019,6,23,174
2019-06-24,19.848,2019,6,24,175
2019-06-25,16.298,2019,6,25,176
2019-06-26,19.298,2019,6,26,177
2019-06-27,19.748,2019,6,27,178
2019-06-28,19.798,2019,6,28,179
2019-06-29,20.598,2019,6,29,180
2019-06-30,22.648,2019,6,30,181
2019-07-01,20.298,2019,7,1,182
2019-07-02,23.248,2019,7,2,183
2019-07-03,21.898,2019,7,3,184
2019-07-04,20.748,2019,7,4,185
2019-07-05,22.598,2019,7,5,186
2019-07-06,22.698,2019,7,6,187
2019-07-07,18.448,2019,7,7,188
2019-07-08,17.398,2019,7,8,189
2019-07-09,18.398,2019,7,9,190
2019-07-10,22.798,2019,7,10,191
2019-07-11,20.748,2019,7,11,192
2019-07-12,16.698,2019,7,12,193
2019-07-13,19.298,2019,7,13,194
2019-07-14,22.098,2019,7,14,195
2019-07-15,21.148,2019,7,15,196
2019-07-16,22.048,2019,7,16,197
2019-07-17,21.798,2019,7,17,198
2019-07-18,22.548,2019,7,18,199
2019-07-19,25.398,2019,7,19,200
2019-07-20,25.298,2019,7,20,201
2019-07-21,25.298,2019,7,21,202
2019-07-22,20.398,2019,7,22,203
2019-07-23,14.748,2019,7,23,204
2019-07-24,14.848,2019,7,24,205
2019-07-25,14.348,2019,7,25,206
2019-07-26,17.748,2019,7,26,207
2019-07-27,19.648,2019,7,27,208
2019-07-28,21.148,2019,7,28,209
2019-07-29,22.648,2019,7,29,210
2019-07-30,19.448,2019,7,30,211
2019-07-31,16.148,2019,7,31,212
2019-08-01,14.348,2019,8,1,213
2019-08-02,18.348,2019,8,2,214
2019-08-03,17.198,2019,8,3,215
2019-08-04,16.898,2019,8,4,216
2019-08-05,19.298,2019,8,5,217
2019-08-06,22.448,2019,8,6,218
2019-08-07,18.398,2019,8,7,219
2019-08-08,21.148,2019,8,8,220
2019-08-09,18.648,2019,8,9,221
2019-08-10,16.648,2019,8,10,222
2019-08-11,18.248,2019,8,11,223
2019-08-12,21.498,2019,8,12,224
2019-08-13,21.348,2019,8,13,225
2019-08-14,19.698,2019,8,14,226
2019-08-15,18.148,2019,8,15,227
2019-08-16,17.548,2019,8,16,228
2019-08-17,20.198,2019,8,17,229
2019-08-18,22.698,2019,8,18,230
2019-08-19,20.348,2019,8,19,231
2019-08-20,22.098,2019,8,20,232
2019-08-21,18.998,2019,8,21,233
2019-08-22,21.548,2019,8,22,234
2019-08-23,17.798,2019,8,23,235
2019-08-24,14.698,2019,8,24,236
2019-08-25,15.198,2019,8,25,237
2019-08-26,20.648,2019,8,26,238
2019-08-27,19.798,2019,8,27,239
2019-08-28,16.098,2019,8,28,240
2019-08-29,15.997999,2019,8,29,241
2019-08-30,20.198,2019,8,30,242
2019-08-31,16.648,2019,8,31,243
2019-09-01,18.248,2019,9,1,244
2019-09-02,16.948,2019,9,2,245
2019-09-03,18.398,2019,9,3,246
2019-09-04,17.998,2019,9,4,247
2019-09-05,13.398,2019,9,5,248
2019-09-06,17.148,2019,9,6,249
2019-09-07,14.148,2019,9,7,250
2019-09-08,16.898,2019,9,8,251
2019-09-09,16.798,2019,9,9,252
2019-09-10,21.798,2019,9,10,253
2019-09-11,22.648,2019,9,11,254
2019-09-12,22.498,2019,9,12,255
2019-09-13,24.148,2019,9,13,256
2019-09-14,14.898,2019,9,14,257
2019-09-15,18.548,2019,9,15,258
2019-09-16,20.648,2019,9,16,259
2019-09-17,18.548,2019,9,17,260
2019-09-18,17.398,2019,9,18,261
2019-09-19,17.448,2019,9,19,262
2019-09-20,19.898,2019,9,20,263
2019-09-21,22.598,2019,9,21,264
2019-09-22,22.948,2019,9,22,265
2019-09-23,17.248,2019,9,23,266
2019-09-24,13.848,2019,9,24,267
2019-09-25,18.198,2019,9,25,268
2019-09-26,14.548,2019,9,26,269
2019-09-27,14.848,2019,9,27,270
2019-09-28,19.598,2019,9,28,271
2019-09-29,19.598,2019,9,29,272
2019-09-30,21.948,2019,9,30,273
2019-10-01,22.448,2019,10,1,274
2019-10-02,24.298,2019,10,2,275
2019-10-03,17.898,2019,10,3,276
2019-10-04,8.198,2019,10,4,277
2019-10-05,9.748,2019,10,5,278
2019-10-06,12.798,2019,10,6,279
2019-10-07,10.398,2019,10,7,280
2019-10-08,7.948,2019,10,8,281
2019-10-09,9.348,2019,10,9,282
2019-10-10,12.698,2019,10,10,283
2019-10-11,6.598,2019,10,11,284
2019-10-12,1.7479999,2019,10,12,285
2019-10-13,6.898,2019,10,13,286
2019-10-14,3.948,2019,10,14,287
2019-10-15,8.348,2019,10,15,288
2019-10-16,5.748,2019,10,16,289
2019-10-17,5.098,2019,10,17,290
2019-10-18,3.5479999,2019,10,18,291
2019-10-19,7.548,2019,10,19,292
2019-10-20,9.048,2019,10,20,293
2019-10-21,14.048,2019,10,21,294
2019-10-22,9.298,2019,10,22,295
2019-10-23,5.448,2019,10,23,296
2019-10-24,6.248,2019,10,24,297
2019-10-25,7.248,2019,10,25,298
2019-10-26,7.098,2019,10,26,299
2019-10-27,5.898,2019,10,27,300
2019-10-28,7.148,2019,10,28,301
2019-10-29,4.898,2019,10,29,302
2019-10-30,4.298,2019,10,30,303
2019-10-31,-0.502,2019,10,31,304
2019-11-01,-3.152,2019,11,1,305
2019-11-02,0.848,2019,11,2,306
2019-11-03,0.348,2019,11,3,307
2019-11-04,5.748,2019,11,4,308
2019-11-05,2.2979999,2019,11,5,309
2019-11-06,0.348,2019,11,6,310
2019-11-07,-1.052,2019,11,7,311
2019-11-08,-7.402,2019,11,8,312
2019-11-09,-3.9520001,2019,11,9,313
2019-11-10,3.5479999,2019,11,10,314
2019-11-11,-5.302,2019,11,11,315
2019-11-12,-12.502,2019,11,12,316
2019-11-13,-11.852,2019,11,13,317
2019-11-14,-5.052,2019,11,14,318
2019-11-15,-7.952,2019,11,15,319
2019-11-16,-2.252,2019,11,16,320
2019-11-17,-2.852,2019,11,17,321
2019-11-18,2.248,2019,11,18,322
2019-11-19,-0.552,2019,11,19,323
2019-11-20,-1.102,2019,11,20,324
2019-11-21,4.548,2019,11,21,325
2019-11-22,-0.45200002,2019,11,22,326
2019-11-23,-2.602,2019,11,23,327
2019-11-24,-0.252,2019,11,24,328
2019-11-25,3.148,2019,11,25,329
2019-11-26,1.448,2019,11,26,330
2019-11-27,3.9980001,2019,11,27,331
2019-11-28,-0.302,2019,11,28,332
2019-11-29,1.548,2019,11,29,333
2019-11-30,3.2979999,2019,11,30,334
2019-12-01,2.148,2019,12,1,335
2019-12-02,-1.202,2019,12,2,336
2019-12-03,-3.502,2019,12,3,337
2019-12-04,1.448,2019,12,4,338
2019-12-05,-3.2020001,2019,12,5,339
2019-12-06,1.0979999,2019,12,6,340
2019-12-07,-4.652,2019,12,7,341
2019-12-08,0.148,2019,12,8,342
2019-12-09,8.698,2019,12,9,343
2019-12-10,-8.552,2019,12,10,344
2019-12-11,-7.702,2019,12,11,345
2019-12-12,-5.552,2019,12,12,346
2019-12-13,-0.402,2019,12,13,347
2019-12-14,-2.602,2019,12,14,348
2019-12-15,-7.002,2019,12,15,349
2019-12-16,-4.252,2019,12,16,350
2019-12-17,-6.502,2019,12,17,351
2019-12-18,-7.052,2019,12,18,352
2019-12-19,-8.552,2019,12,19,353
2019-12-20,-4.302,2019,12,20,354
2019-12-21,-2.602,2019,12,21,355
2019-12-22,-1.352,2019,12,22,356
2019-12-23,0.948,2019,12,23,357
2019-12-24,-1.802,2019,12,24,358
2019-12-25,3.748,2019,12,25,359
2019-12-26,11.298,2019,12,26,360
2019-12-27,1.8479999,2019,12,27,361
2019-12-28,0.24800001,2019,12,28,362
2019-12-29,12.048,2019,12,29,363
2019-12-30,0.848,2019,12,30,364
2019-12-31,-2.102,2019,12,31,365
2020-01-01,-3.002,2020,1,1,1
2020-01-02,3.2979999,2020,1,2,2
2020-01-03,2.598,2020,1,3,3
2020-01-04,0.098000005,2020,1,4,4
2020-01-05,-4.552,2020,1,5,5
2020-01-06,-3.7020001,2020,1,6,6
2020-01-07,-2.9520001,2020,1,7,7
2020-01-08,-5.852,2020,1,8,8
2020-01-09,-3.402,2020,1,9,9
2020-01-10,8.148,2020,1,10,10
2020-01-11,1.2479999,2020,1,11,11
2020-01-12,-4.402,2020,1,12,12
2020-01-13,-0.602,2020,1,13,13
2020-01-14,-0.352,2020,1,14,14
2020-01-15,-0.302,2020,1,15,15
2020-01-16,-8.702,2020,1,16,16
2020-01-17,-7.402,2020,1,17,17
2020-01-18,-6.402,2020,1,18,18
2020-01-19,-15.152,2020,1,19,19
2020-01-20,-11.452,2020,1,20,20
2020-01-21,-8.652,2020,1,21,21
2020-01-22,-5.902,2020,1,22,22
2020-01-23,-1.852,2020,1,23,23
2020-01-24,0.598,2020,1,24,24
2020-01-25,-0.252,2020,1,25,25
2020-01-26,-2.502,2020,1,26,26
2020-01-27,-3.302,2020,1,27,27
2020-01-28,-3.9520001,2020,1,28,28
2020-01-29,-1.7520001,2020,1,29,29
2020-01-30,-2.352,2020,1,30,30
2020-01-31,-1.4020001,2020,1,31,31
2020-02-01,0.398,2020,2,1,32
2020-02-02,1.0979999,2020,2,2,33
2020-02-03,1.398,2020,2,3,34
2020-02-04,1.198,2020,2,4,35
2020-02-05,-2.352,2020,2,5,36
2020-02-06,-3.2020001,2020,2,6,37
2020-02-07,-4.052,2020,2,7,38
2020-02-08,-2.052,2020,2,8,39
2020-02-09,-4.752,2020,2,9,40
2020-02-10,-2.302,2020,2,10,41
2020-02-11,-2.302,2020,2,11,42
2020-02-12,-3.302,2020,2,12,43
2020-02-13,-7.502,2020,2,13,44
2020-02-14,-17.402,2020,2,14,45
2020-02-15,-13.552,2020,2,15,46
2020-02-16,-5.002,2020,2,16,47
2020-02-17,-1.7520001,2020,2,17,48
2020-02-18,0.348,2020,2,18,49
2020-02-19,-6.352,2020,2,19,50
2020-02-20,-6.752,2020,2,20,51
2020-02-21,-9.252,2020,2,21,52
2020-02-22,-4.302,2020,2,22,53
2020-02-23,-0.802,2020,2,23,54
2020-02-24,1.548,2020,2,24,55
2020-02-25,0.948,2020,2,25,56
2020-02-26,-0.852,2020,2,26,57
2020-02-27,-6.452,2020,2,27,58
2020-02-28,-6.502,2020,2,28,59
2020-02-29,-8.152,2020,2,29,60
2020-03-01,-1.602,2020,3,1,61
2020-03-02,5.948,2020,3,2,62
2020-03-03,0.348,2020,3,3,63
2020-03-04,2.448,2020,3,4,64
2020-03-05,-0.852,2020,3,5,65
2020-03-06,-0.302,2020,3,6,66
2020-03-07,-5.102,2020,3,7,67
2020-03-08,1.648,2020,3,8,68
2020-03-09,10.598,2020,3,9,69
2020-03-10,4.248,2020,3,10,70
2020-03-11,3.598,2020,3,11,71
2020-03-12,2.998,2020,3,12,72
2020-03-13,0.598,2020,3,13,73
2020-03-14,1.2479999,2020,3,14,74
2020-03-15,-2.7020001,2020,3,15,75
2020-03-16,0.49800003,2020,3,16,76
2020-03-17,1.798,2020,3,17,77
2020-03-18,2.698,2020,3,18,78
2020-03-19,4.398,2020,3,19,79
2020-03-20,6.398,2020,3,20,80
2020-03-21,-2.9520001,2020,3,21,81
2020-03-22,-3.352,2020,3,22,82
2020-03-23,-1.952,2020,3,23,83
2020-03-24,1.048,2020,3,24,84
2020-03-25,-1.702,2020,3,25,85
2020-03-26,6.748,2020,3,26,86
2020-03-27,8.048,2020,3,27,87
2020-03-28,14.198,2020,3,28,88
2020-03-29,8.548,2020,3,29,89
2020-03-30,4.898,2020,3,30,90
2020-03-31,3.398,2020,3,31,91
2020-04-01,-0.052,2020,4,1,92
2020-04-02,2.0479999,2020,4,2,93
2020-04-03,8.348,2020,4,3,94
2020-04-04,4.448,2020,4,4,95
2020-04-05,2.398,2020,4,5,96
2020-04-06,3.848,2020,4,6,97
2020-04-07,13.798,2020,4,7,98
2020-04-08,13.098,2020,4,8,99
2020-04-09,4.898,2020,4,9,100
2020-04-10,-0.302,2020,4,10,101
2020-04-11,3.748,2020,4,11,102
2020-04-12,8.498,2020,4,12,103
2020-04-13,1.9979999,2020,4,13,104
2020-04-14,-0.602,2020,4,14,105
2020-04-15,-1.302,2020,4,15,106
2020-04-16,-3.502,2020,4,16,107
2020-04-17,1.7479999,2020,4,17,108
2020-04-18,-1.052,2020,4,18,109
2020-04-19,5.998,2020,4,19,110
2020-04-20,1.3479999,2020,4,20,111
2020-04-21,5.798,2020,4,21,112
2020-04-22,3.2979999,2020,4,22,113
2020-04-23,10.648,2020,4,23,114
2020-04-24,7.348,2020,4,24,115
2020-04-25,7.848,2020,4,25,116
2020-04-26,5.998,2020,4,26,117
2020-04-27,3.748,2020,4,27,118
2020-04-28,11.898,2020,4,28,119
2020-04-29,10.898,2020,4,29,120
2020-04-30,8.248,2020,4,30,121
2020-05-01,2.848,2020,5,1,122
2020-05-02,12.698,2020,5,2,123
2020-05-03,13.548,2020,5,3,124
2020-05-04,6.148,2020,5,4,125
2020-05-05,7.448,2020,5,5,126
2020-05-06,2.748,2020,5,6,127
2020-05-07,6.398,2020,5,7,128
2020-05-08,7.948,2020,5,8,129
2020-05-09,-2.002,2020,5,9,130
2020-05-10,8.198,2020,5,10,131
2020-05-11,2.098,2020,5,11,132
2020-05-12,1.7479999,2020,5,12,133
2020-05-13,5.648,2020,5,13,134
2020-05-14,11.098,2020,5,14,135
2020-05-15,16.548,2020,5,15,136
2020-05-16,12.098,2020,5,16,137
2020-05-17,17.998,2020,5,17,138
2020-05-18,11.498,2020,5,18,139
2020-05-19,11.298,2020,5,19,140
2020-05-20,12.348,2020,5,20,141
2020-05-21,10.298,2020,5,21,142
2020-05-22,11.298,2020,5,22,143
2020-05-23,15.698,2020,5,23,144
2020-05-24,18.698,2020,5,24,145
2020-05-25,19.548,2020,5,25,146
2020-05-26,19.698,2020,5,26,147
2020-05-27,18.598,2020,5,27,148
2020-05-28,18.798,2020,5,28,149
2020-05-29,16.698,2020,5,29,150
2020-05-30,11.298,2020,5,30,151
2020-05-31,11.048,2020,5,31,152
2020-06-01,11.298,2020,6,1,153
2020-06-02,17.798,2020,6,2,154
2020-06-03,20.198,2020,6,3,155
2020-06-04,18.848,2020,6,4,156
2020-06-05,18.748,2020,6,5,157
2020-06-06,19.698,2020,6,6,158
2020-06-07,15.398,2020,6,7,159
2020-06-08,17.698,2020,6,8,160
2020-06-09,23.198,2020,6,9,161
2020-06-10,21.098,2020,6,10,162
2020-06-11,14.498,2020,6,11,163
2020-06-12,15.898,2020,6,12,164
2020-06-13,13.998,2020,6,13,165
2020-06-14,12.648,2020,6,14,166
2020-06-15,11.898,2020,6,15,167
2020-06-16,15.298,2020,6,16,168
2020-06-17,15.198,2020,6,17,169
2020-06-18,17.098,2020,6,18,170
2020-06-19,18.598,2020,6,19,171
2020-06-20,20.498,2020,6,20,172
2020-06-21,19.798,2020,6,21,173
2020-06-22,19.498,2020,6,22,174
2020-06-23,16.998,2020,6,23,175
2020-06-24,15.748,2020,6,24,176
2020-06-25,16.298,2020,6,25,177
2020-06-26,19.048,2020,6,26,178
2020-06-27,21.148,2020,6,27,179
2020-06-28,21.298,2020,6,28,180
2020-06-29,21.398,2020,6,29,181
2020-06-30,21.398,2020,6,30,182
2020-07-01,20.248,2020,7,1,183
2020-07-02,21.948,2020,7,2,184
2020-07-03,20.498,2020,7,3,185
2020-07-04,20.748,2020,7,4,186
2020-07-05,21.748,2020,7,5,187
2020-07-06,21.648,2020,7,6,188
2020-07-07,22.948,2020,7,7,189
2020-07-08,22.848,2020,7,8,190
2020-07-09,22.648,2020,7,9,191
2020-07-10,20.948,2020,7,10,192
2020-07-11,19.348,2020,7,11,193
2020-07-12,19.898,2020,7,12,194
2020-07-13,16.698,2020,7,13,195
2020-07-14,16.598,2020,7,14,196
2020-07-15,19.498,2020,7,15,197
2020-07-16,19.948,2020,7,16,198
2020-07-17,17.948,2020,7,17,199
2020-07-18,21.898,2020,7,18,200
2020-07-19,25.548,2020,7,19,201
2020-07-20,21.198,2020,7,20,202
2020-07-21,20.898,2020,7,21,203
2020-07-22,21.698,2020,7,22,204
2020-07-23,19.548,2020,7,23,205
2020-07-24,17.148,2020,7,24,206
2020-07-25,17.998,2020,7,25,207
2020-07-26,22.048,2020,7,26,208
2020-07-27,23.548,2020,7,27,209
2020-07-28,18.048,2020,7,28,210
2020-07-29,18.698,2020,7,29,211
2020-07-30,21.248,2020,7,30,212
2020-07-31,18.798,2020,7,31,213
2020-08-01,18.448,2020,8,1,214
2020-08-02,18.298,2020,8,2,215
2020-08-03,17.798,2020,8,3,216
2020-08-04,14.648,2020,8,4,217
2020-08-05,12.548,2020,8,5,218
2020-08-06,12.898,2020,8,6,219
2020-08-07,13.798,2020,8,7,220
2020-08-08,16.798,2020,8,8,221
2020-08-09,21.248,2020,8,9,222
2020-08-10,22.248,2020,8,10,223
2020-08-11,18.398,2020,8,11,224
2020-08-12,18.798,2020,8,12,225
2020-08-13,19.448,2020,8,13,226
2020-08-14,18.448,2020,8,14,227
2020-08-15,19.048,2020,8,15,228
2020-08-16,17.898,2020,8,16,229
2020-08-17,20.148,2020,8,17,230
2020-08-18,19.098,2020,8,18,231
2020-08-19,14.998,2020,8,19,232
2020-08-20,13.698,2020,8,20,233
2020-08-21,15.098,2020,8,21,234
2020-08-22,16.548,2020,8,22,235
2020-08-23,18.698,2020,8,23,236
2020-08-24,21.198,2020,8,24,237
2020-08-25,22.248,2020,8,25,238
2020-08-26,22.298,2020,8,26,239
2020-08-27,24.098,2020,8,27,240
2020-08-28,23.198,2020,8,28,241
2020-08-29,21.848,2020,8,29,242
2020-08-30,15.648,2020,8,30,243
2020-08-31,18.598,2020,8,31,244
2020-09-01,20.048,2020,9,1,245
2020-09-02,19.698,2020,9,2,246
2020-09-03,17.998,2020,9,3,247
2020-09-04,14.098,2020,9,4,248
2020-09-05,16.148,2020,9,5,249
2020-09-06,17.198,2020,9,6,250
2020-09-07,22.348,2020,9,7,251
2020-09-08,20.598,2020,9,8,252
2020-09-09,17.348,2020,9,9,253
2020-09-10,16.848,2020,9,10,254
2020-09-11,16.648,2020,9,11,255
2020-09-12,19.098,2020,9,12,256
2020-09-13,15.848,2020,9,13,257
2020-09-14,14.348,2020,9,14,258
2020-09-15,13.848,2020,9,15,259
2020-09-16,12.898,2020,9,16,260
2020-09-17,17.398,2020,9,17,261
2020-09-18,11.498,2020,9,18,262
2020-09-19,7.298,2020,9,19,263
2020-09-20,8.348,2020,9,20,264
2020-09-21,10.548,2020,9,21,265
2020-09-22,11.948,2020,9,22,266
2020-09-23,12.198,2020,9,23,267
2020-09-24,12.848,2020,9,24,268
2020-09-25,12.448,2020,9,25,269
2020-09-26,14.998,2020,9,26,270
2020-09-27,16.198,2020,9,27,271
2020-09-28,11.548,2020,9,28,272
2020-09-29,7.898,2020,9,29,273
2020-09-30,11.598,2020,9,30,274
2020-10-01,9.048,2020,10,1,275
2020-10-02,5.248,2020,10,2,276
2020-10-03,6.748,2020,10,3,277
2020-10-04,8.048,2020,10,4,278
2020-10-05,1.898,2020,10,5,279
2020-10-06,9.798,2020,10,6,280
2020-10-07,15.248,2020,10,7,281
2020-10-08,9.298,2020,10,8,282
2020-10-09,12.998,2020,10,9,283
2020-10-10,16.048,2020,10,10,284
2020-10-11,13.598,2020,10,11,285
2020-10-12,14.648,2020,10,12,286
2020-10-13,5.848,2020,10,13,287
2020-10-14,9.248,2020,10,14,288
2020-10-15,9.398,2020,10,15,289
2020-10-16,2.0479999,2020,10,16,290
2020-10-17,3.148,2020,10,17,291
2020-10-18,10.598,2020,10,18,292
2020-10-19,5.198,2020,10,19,293
2020-10-20,6.098,2020,10,20,294
2020-10-21,7.648,2020,10,21,295
2020-10-22,12.898,2020,10,22,296
2020-10-23,7.698,2020,10,23,297
2020-10-24,2.2979999,2020,10,24,298
2020-10-25,5.998,2020,10,25,299
2020-10-26,2.698,2020,10,26,300
2020-10-27,1.9979999,2020,10,27,301
2020-10-28,3.348,2020,10,28,302
2020-10-29,5.498,2020,10,29,303
2020-10-30,-0.252,2020,10,30,304
2020-10-31,0.848,2020,10,31,305
2020-11-01,3.148,2020,11,1,306
2020-11-02,-3.752,2020,11,2,307
2020-11-03,3.448,2020,11,3,308
2020-11-04,9.298,2020,11,4,309
2020-11-05,12.248,2020,11,5,310
2020-11-06,9.298,2020,11,6,311
2020-11-07,9.148,2020,11,7,312
2020-11-08,13.698,2020,11,8,313
2020-11-09,16.148,2020,11,9,314
2020-11-10,18.698,2020,11,10,315
2020-11-11,1.0979999,2020,11,11,316
2020-11-12,-0.052,2020,11,12,317
2020-11-13,0.148,2020,11,13,318
2020-11-14,-2.9520001,2020,11,14,319
2020-11-15,5.598,2020,11,15,320
2020-11-16,0.898,2020,11,16,321
2020-11-17,-0.45200002,2020,11,17,322
2020-11-18,-1.002,2020,11,18,323
2020-11-19,6.498,2020,11,19,324
2020-11-20,12.648,2020,11,20,325
2020-11-21,7.348,2020,11,21,326
2020-11-22,2.398,2020,11,22,327
2020-11-23,-0.602,2020,11,23,328
2020-11-24,3.498,2020,11,24,329
2020-11-25,7.198,2020,11,25,330
2020-11-26,5.848,2020,11,26,331
2020-11-27,0.348,2020,11,27,332
2020-11-28,-3.602,2020,11,28,333
2020-11-29,0.748,2020,11,29,334
2020-11-30,-1.102,2020,11,30,335
2020-12-01,-5.852,2020,12,1,336
2020-12-02,-5.552,2020,12,2,337
2020-12-03,-2.852,2020,12,3,338
2020-12-04,-0.0020000003,2020,12,4,339
2020-12-05,-3.152,2020,12,5,340
2020-12-06,-2.9520001,2020,12,6,341
2020-12-07,-0.202,2020,12,7,342
2020-12-08,-1.6520001,2020,12,8,343
2020-12-09,0.398,2020,12,9,344
2020-12-10,0.748,2020,12,10,345
2020-12-11,4.898,2020,12,11,346
2020-12-12,4.348,2020,12,12,347
2020-12-13,-0.902,2020,12,13,348
2020-12-14,-4.202,2020,12,14,349
2020-12-15,-4.752,2020,12,15,350
2020-12-16,-3.002,2020,12,16,351
2020-12-17,-2.7020001,2020,12,17,352
2020-12-18,-4.752,2020,12,18,353
2020-12-19,-0.052,2020,12,19,354
2020-12-20,-1.802,2020,12,20,355
2020-12-21,1.448,2020,12,21,356
2020-12-22,-3.002,2020,12,22,357
2020-12-23,3.7979999,2020,12,23,358
2020-12-24,-8.252,2020,12,24,359
2020-12-25,-13.252,2020,12,25,360
2020-12-26,-8.902,2020,12,26,361
2020-12-27,-3.052,2020,12,27,362
2020-12-28,-2.352,2020,12,28,363
2020-12-29,-6.602,2020,12,29,364
2020-12-30,-0.802,2020,12,30,365
2020-12-31,-4.802,2020,12,31,366
2021-01-01,-4.852,2021,1,1,1
2021-01-02,-1.002,2021,1,2,2
2021-01-03,-2.902,2021,1,3,3
2021-01-04,-8.902,2021,1,4,4
2021-01-05,-4.802,2021,1,5,5
2021-01-06,-5.302,2021,1,6,6
2021-01-07,-1.202,2021,1,7,7
2021-01-08,-2.102,2021,1,8,8
2021-01-09,-2.402,2021,1,9,9
2021-01-10,-3.502,2021,1,10,10
2021-01-11,-4.952,2021,1,11,11
2021-01-12,-5.002,2021,1,12,12
2021-01-13,-0.352,2021,1,13,13
2021-01-14,-0.502,2021,1,14,14
2021-01-15,-0.902,2021,1,15,15
2021-01-16,-4.652,2021,1,16,16
2021-01-17,-1.602,2021,1,17,17
2021-01-18,-3.4520001,2021,1,18,18
2021-01-19,-6.702,2021,1,19,19
2021-01-20,-8.052,2021,1,20,20
2021-01-21,-1.802,2021,1,21,21
2021-01-22,-6.002,2021,1,22,22
2021-01-23,-9.902,2021,1,23,23
2021-01-24,-2.852,2021,1,24,24
2021-01-25,-2.652,2021,1,25,25
2021-01-26,-0.752,2021,1,26,26
2021-01-27,-4.502,2021,1,27,27
2021-01-28,-9.402,2021,1,28,28
2021-01-29,-7.602,2021,1,29,29
2021-01-30,-2.602,2021,1,30,30
2021-01-31,-0.602,2021,1,31,31
2021-02-01,-3.602,2021,2,1,32
2021-02-02,-7.952,2021,2,2,33
2021-02-03,-12.652,2021,2,3,34
2021-02-04,-2.102,2021,2,4,35
2021-02-05,-7.652,2021,2,5,36
2021-02-06,-10.052,2021,2,6,37
2021-02-07,-18.302,2021,2,7,38
2021-02-08,-13.852,2021,2,8,39
2021-02-09,-10.702,2021,2,9,40
2021-02-10,-12.952,2021,2,10,41
2021-02-11,-11.002,2021,2,11,42
2021-02-12,-11.402,2021,2,12,43
2021-02-13,-13.302,2021,2,13,44
2021-02-14,-20.002,2021,2,14,45
2021-02-15,-17.702,2021,2,15,46
2021-02-16,-15.502,2021,2,16,47
2021-02-17,-23.602,2021,2,17,48
2021-02-18,-11.252,2021,2,18,49
2021-02-19,-17.602,2021,2,19,50
2021-02-20,-13.552,2021,2,20,51
2021-02-21,-7.552,2021,2,21,52
2021-02-22,-1.852,2021,2,22,53
2021-02-23,2.448,2021,2,23,54
2021-02-24,4.998,2021,2,24,55
2021-02-25,-3.002,2021,2,25,56
2021-02-26,-3.002,2021,2,26,57
2021-02-27,0.698,2021,2,27,58
2021-02-28,6.948,2021,2,28,59
2021-03-01,-3.302,2021,3,1,60
2021-03-02,-6.052,2021,3,2,61
2021-03-03,1.198,2021,3,3,62
2021-03-04,-0.502,2021,3,4,63
2021-03-05,-4.402,2021,3,5,64
2021-03-06,-3.7020001,2021,3,6,65
2021-03-07,-3.102,2021,3,7,66
2021-03-08,4.748,2021,3,8,67
2021-03-09,6.498,2021,3,9,68
2021-03-10,10.648,2021,3,10,69
2021-03-11,13.148,2021,3,11,70
2021-03-12,2.398,2021,3,12,71
2021-03-13,2.698,2021,3,13,72
2021-03-14,1.698,2021,3,14,73
2021-03-15,0.698,2021,3,15,74
2021-03-16,1.798,2021,3,16,75
2021-03-17,1.8479999,2021,3,17,76
2021-03-18,3.148,2021,3,18,77
2021-03-19,-2.2020001,2021,3,19,78
2021-03-20,-2.902,2021,3,20,79
2021-03-21,1.4979999,2021,3,21,80
2021-03-22,5.448,2021,3,22,81
2021-03-23,10.798,2021,3,23,82
2021-03-24,11.248,2021,3,24,83
2021-03-25,6.298,2021,3,25,84
2021-03-26,5.098,2021,3,26,85
2021-03-27,5.298,2021,3,27,86
2021-03-28,4.148,2021,3,28,87
2021-03-29,-0.852,2021,3,29,88
2021-03-30,9.048,2021,3,30,89
2021-03-31,1.798,2021,3,31,90
2021-04-01,-3.152,2021,4,1,91
2021-04-02,-5.502,2021,4,2,92
2021-04-03,1.7479999,2021,4,3,93
2021-04-04,6.648,2021,4,4,94
2021-04-05,10.798,2021,4,5,95
2021-04-06,12.798,2021,4,6,96
2021-04-07,14.848,2021,4,7,97
2021-04-08,13.948,2021,4,8,98
2021-04-09,11.298,2021,4,9,99
2021-04-10,11.198,2021,4,10,100
2021-04-11,8.148,2021,4,11,101
2021-04-12,7.948,2021,4,12,102
2021-04-13,5.198,2021,4,13,103
2021-04-14,4.048,2021,4,14,104
2021-04-15,1.798,2021,4,15,105
2021-04-16,2.448,2021,4,16,106
2021-04-17,6.148,2021,4,17,107
2021-04-18,5.498,2021,4,18,108
2021-04-19,5.548,2021,4,19,109
2021-04-20,1.3479999,2021,4,20,110
2021-04-21,-2.102,2021,4,21,111
2021-04-22,-1.1520001,2021,4,22,112
2021-04-23,3.648,2021,4,23,113
2021-04-24,8.698,2021,4,24,114
2021-04-25,4.998,2021,4,25,115
2021-04-26,5.598,2021,4,26,116
2021-04-27,15.848,2021,4,27,117
2021-04-28,18.248,2021,4,28,118
2021-04-29,11.898,2021,4,29,119
2021-04-30,8.298,2021,4,30,120
2021-05-01,6.148,2021,5,1,121
2021-05-02,16.248,2021,5,2,122
2021-05-03,13.798,2021,5,3,123
2021-05-04,13.098,2021,5,4,124
2021-05-05,6.348,2021,5,5,125
2021-05-06,7.298,2021,5,6,126
2021-05-07,5.448,2021,5,7,127
2021-05-08,1.698,2021,5,8,128
2021-05-09,6.148,2021,5,9,129
2021-05-10,2.948,2021,5,10,130
2021-05-11,5.748,2021,5,11,131
2021-05-12,2.198,2021,5,12,132
2021-05-13,2.7979999,2021,5,13,133
2021-05-14,5.248,2021,5,14,134
2021-05-15,8.948,2021,5,15,135
2021-05-16,11.098,2021,5,16,136
2021-05-17,14.448,2021,5,17,137
2021-05-18,15.098,2021,5,18,138
2021-05-19,17.548,2021,5,19,139
2021-05-20,18.448,2021,5,20,140
2021-05-21,18.248,2021,5,21,141
2021-05-22,17.498,2021,5,22,142
2021-05-23,18.498,2021,5,23,143
2021-05-24,18.198,2021,5,24,144
2021-05-25,20.448,2021,5,25,145
2021-05-26,18.398,2021,5,26,146
2021-05-27,15.148,2021,5,27,147
2021-05-28,11.798,2021,5,28,148
2021-05-29,6.148,2021,5,29,149
2021-05-30,5.348,2021,5,30,150
2021-05-31,9.998,2021,5,31,151
2021-06-01,13.548,2021,6,1,152
2021-06-02,13.498,2021,6,2,153
2021-06-03,13.598,2021,6,3,154
2021-06-04,16.248,2021,6,4,155
2021-06-05,18.048,2021,6,5,156
2021-06-06,18.748,2021,6,6,157
2021-06-07,20.298,2021,6,7,158
2021-06-08,19.448,2021,6,8,159
2021-06-09,20.548,2021,6,9,160
2021-06-10,19.648,2021,6,10,161
2021-06-11,20.548,2021,6,11,162
2021-06-12,22.198,2021,6,12,163
2021-06-13,21.598,2021,6,13,164
2021-06-14,19.598,2021,6,14,165
2021-06-15,16.898,2021,6,15,166
2021-06-16,14.898,2021,6,16,167
2021-06-17,15.148,2021,6,17,168
2021-06-18,23.748,2021,6,18,169
2021-06-19,20.098,2021,6,19,170
2021-06-20,21.798,2021,6,20,171
2021-06-21,19.148,2021,6,21,172
2021-06-22,11.648,2021,6,22,173
2021-06-23,15.898,2021,6,23,174
2021-06-24,18.048,2021,6,24,175
2021-06-25,21.098,2021,6,25,176
2021-06-26,23.648,2021,6,26,177
2021-06-27,21.948,2021,6,27,178
2021-06-28,22.348,2021,6,28,179
2021-06-29,21.798,2021,6,29,180
2021-06-30,21.798,2021,6,30,181
2021-07-01,20.098,2021,7,1,182
2021-07-02,12.998,2021,7,2,183
2021-07-03,12.948,2021,7,3,184
2021-07-04,18.748,2021,7,4,185
2021-07-05,19.848,2021,7,5,186
2021-07-06,21.398,2021,7,6,187
2021-07-07,22.298,2021,7,7,188
2021-07-08,21.298,2021,7,8,189
2021-07-09,15.348,2021,7,9,190
2021-07-10,18.048,2021,7,10,191
2021-07-11,19.598,2021,7,11,192
2021-07-12,18.448,2021,7,12,193
2021-07-13,19.748,2021,7,13,194
2021-07-14,19.048,2021,7,14,195
2021-07-15,22.798,2021,7,15,196
2021-07-16,20.198,2021,7,16,197
2021-07-17,16.548,2021,7,17,198
2021-07-18,18.498,2021,7,18,199
2021-07-19,18.398,2021,7,19,200
2021-07-20,18.898,2021,7,20,201
2021-07-21,19.248,2021,7,21,202
2021-07-22,20.198,2021,7,22,203
2021-07-23,21.398,2021,7,23,204
2021-07-24,21.648,2021,7,24,205
2021-07-25,23.098,2021,7,25,206
2021-07-26,18.798,2021,7,26,207
2021-07-27,18.848,2021,7,27,208
2021-07-28,20.198,2021,7,28,209
2021-07-29,23.348,2021,7,29,210
2021-07-30,18.898,2021,7,30,211
2021-07-31,17.398,2021,7,31,212
2021-08-01,16.448,2021,8,1,213
2021-08-02,13.848,2021,8,2,214
2021-08-03,14.448,2021,8,3,215
2021-08-04,14.248,2021,8,4,216
2021-08-05,15.598,2021,8,5,217
2021-08-06,19.648,2021,8,6,218
2021-08-07,19.198,2021,8,7,219
2021-08-08,21.498,2021,8,8,220
2021-08-09,20.948,2021,8,9,221
2021-08-10,23.998,2021,8,10,222
2021-08-11,23.198,2021,8,11,223
2021-08-12,23.898,2021,8,12,224
2021-08-13,22.448,2021,8,13,225
2021-08-14,17.048,2021,8,14,226
2021-08-15,15.498,2021,8,15,227
2021-08-16,18.048,2021,8,16,228
2021-08-17,17.848,2021,8,17,229
2021-08-18,19.998,2021,8,18,230
2021-08-19,19.448,2021,8,19,231
2021-08-20,18.948,2021,8,20,232
2021-08-21,22.048,2021,8,21,233
2021-08-22,20.548,2021,8,22,234
2021-08-23,18.648,2021,8,23,235
2021-08-24,22.398,2021,8,24,236
2021-08-25,22.998,2021,8,25,237
2021-08-26,22.248,2021,8,26,238
2021-08-27,21.798,2021,8,27,239
2021-08-28,23.398,2021,8,28,240
2021-08-29,23.498,2021,8,29,241
2021-08-30,21.998,2021,8,30,242
2021-08-31,20.148,2021,8,31,243
2021-09-01,19.498,2021,9,1,244
2021-09-02,15.548,2021,9,2,245
2021-09-03,16.548,2021,9,3,246
2021-09-04,18.048,2021,9,4,247
2021-09-05,15.598,2021,9,5,248
2021-09-06,16.948,2021,9,6,249
2021-09-07,19.548,2021,9,7,250
2021-09-08,15.798,2021,9,8,251
2021-09-09,14.148,2021,9,9,252
2021-09-10,13.648,2021,9,10,253
2021-09-11,19.798,2021,9,11,254
2021-09-12,21.498,2021,9,12,255
2021-09-13,19.798,2021,9,13,256
2021-09-14,22.448,2021,9,14,257
2021-09-15,16.398,2021,9,15,258
2021-09-16,14.448,2021,9,16,259
2021-09-17,17.498,2021,9,17,260
2021-09-18,18.798,2021,9,18,261
2021-09-19,18.948,2021,9,19,262
2021-09-20,20.398,2021,9,20,263
2021-09-21,17.998,2021,9,21,264
2021-09-22,13.498,2021,9,22,265
2021-09-23,9.498,2021,9,23,266
2021-09-24,10.698,2021,9,24,267
2021-09-25,10.548,2021,9,25,268
2021-09-26,12.148,2021,9,26,269
2021-09-27,19.148,2021,9,27,270
2021-09-28,15.898,2021,9,28,271
2021-09-29,16.348,2021,9,29,272
2021-09-30,17.448,2021,9,30,273
2021-10-01,17.448,2021,10,1,274
2021-10-02,17.748,2021,10,2,275
2021-10-03,18.848,2021,10,3,276
2021-10-04,16.948,2021,10,4,277
2021-10-05,17.048,2021,10,5,278
2021-10-06,17.248,2021,10,6,279
2021-10-07,17.998,2021,10,7,280
2021-10-08,15.448,2021,10,8,281
2021-10-09,15.648,2021,10,9,282
2021-10-10,19.998,2021,10,10,283
2021-10-11,21.098,2021,10,11,284
2021-10-12,15.698,2021,10,12,285
2021-10-13,11.798,2021,10,13,286
2021-10-14,16.648,2021,10,14,287
2021-10-15,13.948,2021,10,15,288
2021-10-16,6.798,2021,10,16,289
2021-10-17,7.648,2021,10,17,290
2021-10-18,7.348,2021,10,18,291
2021-10-19,9.398,2021,10,19,292
2021-10-20,10.848,2021,10,20,293
2021-10-21,10.598,2021,10,21,294
2021-10-22,9.848,2021,10,22,295
2021-10-23,4.598,2021,10,23,296
2021-10-24,10.098,2021,10,24,297
2021-10-25,10.348,2021,10,25,298
2021-10-26,4.748,2021,10,26,299
2021-10-27,3.948,2021,10,27,300
2021-10-28,8.098,2021,10,28,301
2021-10-29,10.848,2021,10,29,302
2021-10-30,10.398,2021,10,30,303
2021-10-31,7.148,2021,10,31,304
2021-11-01,1.698,2021,11,1,305
2021-11-02,-0.202,2021,11,2,306
2021-11-03,-2.4520001,2021,11,3,307
2021-11-04,-2.352,2021,11,4,308
2021-11-05,-0.502,2021,11,5,309
2021-11-06,0.648,2021,11,6,310
2021-11-07,3.148,2021,11,7,311
2021-11-08,7.748,2021,11,8,312
2021-11-09,7.848,2021,11,9,313
2021-11-10,7.448,2021,11,10,314
2021-11-11,9.798,2021,11,11,315
2021-11-12,2.148,2021,11,12,316
2021-11-13,1.398,2021,11,13,317
2021-11-14,0.948,2021,11,14,318
2021-11-15,-3.002,2021,11,15,319
2021-11-16,-0.15200001,2021,11,16,320
2021-11-17,8.948,2021,11,17,321
2021-11-18,1.548,2021,11,18,322
2021-11-19,-5.402,2021,11,19,323
2021-11-20,0.79800004,2021,11,20,324
2021-11-21,5.548,2021,11,21,325
2021-11-22,-4.752,2021,11,22,326
2021-11-23,-5.402,2021,11,23,327
2021-11-24,1.698,2021,11,24,328
2021-11-25,2.098,2021,11,25,329
2021-11-26,-6.652,2021,11,26,330
2021-11-27,-2.4520001,2021,11,27,331
2021-11-28,-1.602,2021,11,28,332
2021-11-29,-4.502,2021,11,29,333
2021-11-30,1.548,2021,11,30,334
2021-12-01,2.198,2021,12,1,335
2021-12-02,7.948,2021,12,2,336
2021-12-03,2.698,2021,12,3,337
2021-12-04,1.398,2021,12,4,338
2021-12-05,-0.202,2021,12,5,339
2021-12-06,-2.552,2021,12,6,340
2021-12-07,-8.602,2021,12,7,341
2021-12-08,-5.702,2021,12,8,342
2021-12-09,-3.652,2021,12,9,343
2021-12-10,0.54800004,2021,12,10,344
2021-12-11,1.698,2021,12,11,345
2021-12-12,-0.402,2021,12,12,346
2021-12-13,1.048,2021,12,13,347
2021-12-14,1.398,2021,12,14,348
2021-12-15,9.598,2021,12,15,349
2021-12-16,4.948,2021,12,16,350
2021-12-17,-2.4520001,2021,12,17,351
2021-12-18,2.148,2021,12,18,352
2021-12-19,-4.552,2021,12,19,353
2021-12-20,-3.002,2021,12,20,354
2021-12-21,-3.552,2021,12,21,355
2021-12-22,-6.302,2021,12,22,356
2021-12-23,-2.4520001,2021,12,23,357
2021-12-24,7.398,2021,12,24,358
2021-12-25,9.098,2021,12,25,359
2021-12-26,1.698,2021,12,26,360
2021-12-27,6.998,2021,12,27,361
2021-12-28,1.798,2021,12,28,362
2021-12-29,2.198,2021,12,29,363
2021-12-30,0.598,2021,12,30,364
2021-12-31,4.748,2021,12,31,365
2022-01-01,2.2979999,2022,1,1,1
2022-01-02,-5.402,2022,1,2,2
2022-01-03,-11.052,2022,1,3,3
2022-01-04,-5.602,2022,1,4,4
2022-01-05,-8.402,2022,1,5,5
2022-01-06,-11.402,2022,1,6,6
2022-01-07,-17.452,2022,1,7,7
2022-01-08,-9.852,2022,1,8,8
2022-01-09,-6.952,2022,1,9,9
2022-01-10,-9.752,2022,1,10,10
2022-01-11,-10.902,2022,1,11,11
2022-01-12,-0.252,2022,1,12,12
2022-01-13,-0.302,2022,1,13,13
2022-01-14,-3.152,2022,1,14,14
2022-01-15,-4.452,2022,1,15,15
2022-01-16,-9.652,2022,1,16,16
2022-01-17,-5.502,2022,1,17,17
2022-01-18,-5.952,2022,1,18,18
2022-01-19,-6.402,2022,1,19,19
2022-01-20,-13.102,2022,1,20,20
2022-01-21,-12.352,2022,1,21,21
2022-01-22,-8.552,2022,1,22,22
2022-01-23,-5.702,2022,1,23,23
2022-01-24,-7.452,2022,1,24,24
2022-01-25,-12.052,2022,1,25,25
2022-01-26,-16.652,2022,1,26,26
2022-01-27,-9.602,2022,1,27,27
2022-01-28,-5.052,2022,1,28,28
2022-01-29,-12.552,2022,1,29,29
2022-01-30,-5.152,2022,1,30,30
2022-01-31,-7.202,2022,1,31,31
2022-02-01,0.348,2022,2,1,32
2022-02-02,-7.202,2022,2,2,33
2022-02-03,-8.052,2022,2,3,34
2022-02-04,-11.902,2022,2,4,35
2022-02-05,-19.302,2022,2,5,36
2022-02-06,-10.952,2022,2,6,37
2022-02-07,-11.902,2022,2,7,38
2022-02-08,-15.452,2022,2,8,39
2022-02-09,-1.1520001,2022,2,9,40
2022-02-10,-5.502,2022,2,10,41
2022-02-11,-3.652,2022,2,11,42
2022-02-12,-8.152,2022,2,12,43
2022-02-13,-11.452,2022,2,13,44
2022-02-14,-13.652,2022,2,14,45
2022-02-15,-6.652,2022,2,15,46
2022-02-16,4.398,2022,2,16,47
2022-02-17,-4.202,2022,2,17,48
2022-02-18,-13.902,2022,2,18,49
2022-02-19,-11.552,2022,2,19,50
2022-02-20,-12.152,2022,2,20,51
2022-02-21,2.2979999,2022,2,21,52
2022-02-22,1.5979999,2022,2,22,53
2022-02-23,-9.152,2022,2,23,54
2022-02-24,-5.652,2022,2,24,55
2022-02-25,-6.252,2022,2,25,56
2022-02-26,-14.052,2022,2,26,57
2022-02-27,-4.652,2022,2,27,58
2022-02-28,-3.902,2022,2,28,59
2022-03-01,1.948,2022,3,1,60
2022-03-02,-0.95199996,2022,3,2,61
2022-03-03,-1.1520001,2022,3,3,62
2022-03-04,-3.052,2022,3,4,63
2022-03-05,6.348,2022,3,5,64
2022-03-06,4.648,2022,3,6,65
2022-03-07,1.198,2022,3,7,66
2022-03-08,-5.202,2022,3,8,67
2022-03-09,-2.002,2022,3,9,68
2022-03-10,-4.302,2022,3,10,69
2022-03-11,-5.002,2022,3,11,70
2022-03-12,-12.452,2022,3,12,71
2022-03-13,-7.852,2022,3,13,72
2022-03-14,3.098,2022,3,14,73
2022-03-15,5.748,2022,3,15,74
2022-03-16,5.148,2022,3,16,75
2022-03-17,8.848,2022,3,17,76
2022-03-18,9.898,2022,3,18,77
2022-03-19,3.0479999,2022,3,19,78
2022-03-20,0.49800003,2022,3,20,79
2022-03-21,8.648,2022,3,21,80
2022-03-22,9.248,2022,3,22,81
2022-03-23,9.098,2022,3,23,82
2022-03-24,2.648,2022,3,24,83
2022-03-25,3.398,2022,3,25,84
2022-03-26,-1.352,2022,3,26,85
2022-03-27,-4.402,2022,3,27,86
2022-03-28,-5.052,2022,3,28,87
2022-03-29,-1.5020001,2022,3,29,88
2022-03-30,5.398,2022,3,30,89
2022-03-31,2.348,2022,3,31,90
2022-04-01,-0.502,2022,4,1,91
2022-04-02,-1.352,2022,4,2,92
2022-04-03,0.29799998,2022,4,3,93
2022-04-04,7.698,2022,4,4,94
2022-04-05,1.648,2022,4,5,95
2022-04-06,7.398,2022,4,6,96
2022-04-07,3.748,2022,4,7,97
2022-04-08,1.798,2022,4,8,98
2022-04-09,-1.2520001,2022,4,9,99
2022-04-10,-1.452,2022,4,10,100
2022-04-11,11.798,2022,4,11,101
2022-04-12,6.048,2022,4,12,102
2022-04-13,16.848,2022,4,13,103
2022-04-14,0.748,2022,4,14,104
2022-04-15,4.848,2022,4,15,105
2022-04-16,2.5479999,2022,4,16,106
2022-04-17,-0.402,2022,4,17,107
2022-04-18,1.398,2022,4,18,108
2022-04-19,-1.102,2022,4,19,109
2022-04-20,5.098,2022,4,20,110
2022-04-21,11.248,2022,4,21,111
2022-04-22,10.898,2022,4,22,112
2022-04-23,16.598,2022,4,23,113
2022-04-24,18.498,2022,4,24,114
2022-04-25,10.798,2022,4,25,115
2022-04-26,1.2479999,2022,4,26,116
2022-04-27,1.548,2022,4,27,117
2022-04-28,5.848,2022,4,28,118
2022-04-29,11.298,2022,4,29,119
2022-04-30,12.998,2022,4,30,120
2022-05-01,9.648,2022,5,1,121
2022-05-02,5.548,2022,5,2,122
2022-05-03,12.998,2022,5,3,123
2022-05-04,7.748,2022,5,4,124
2022-05-05,10.398,2022,5,5,125
2022-05-06,11.448,2022,5,6,126
2022-05-07,8.048,2022,5,7,127
2022-05-08,7.348,2022,5,8,128
2022-05-09,14.048,2022,5,9,129
2022-05-10,18.648,2022,5,10,130
2022-05-11,20.448,2022,5,11,131
2022-05-12,19.648,2022,5,12,132
2022-05-13,16.498,2022,5,13,133
2022-05-14,18.298,2022,5,14,134
2022-05-15,15.898,2022,5,15,135
2022-05-16,11.648,2022,5,16,136
2022-05-17,12.098,2022,5,17,137
2022-05-18,15.098,2022,5,18,138
2022-05-19,14.848,2022,5,19,139
2022-05-20,19.348,2022,5,20,140
2022-05-21,16.148,2022,5,21,141
2022-05-22,11.698,2022,5,22,142
2022-05-23,8.148,2022,5,23,143
2022-05-24,10.398,2022,5,24,144
2022-05-25,17.048,2022,5,25,145
2022-05-26,17.748,2022,5,26,146
2022-05-27,12.098,2022,5,27,147
2022-05-28,8.548,2022,5,28,148
2022-05-29,15.298,2022,5,29,149
2022-05-30,19.548,2022,5,30,150
2022-05-31,21.298,2022,5,31,151
2022-06-01,19.948,2022,6,1,152
2022-06-02,16.498,2022,6,2,153
2022-06-03,13.448,2022,6,3,154
2022-06-04,12.348,2022,6,4,155
2022-06-05,14.148,2022,6,5,156
2022-06-06,18.298,2022,6,6,157
2022-06-07,17.498,2022,6,7,158
2022-06-08,14.848,2022,6,8,159
2022-06-09,11.548,2022,6,9,160
2022-06-10,15.648,2022,6,10,161
2022-06-11,13.298,2022,6,11,162
2022-06-12,18.398,2022,6,12,163
2022-06-13,20.798,2022,6,13,164
2022-06-14,24.748,2022,6,14,165
2022-06-15,24.448,2022,6,15,166
2022-06-16,23.248,2022,6,16,167
2022-06-17,22.398,2022,6,17,168
2022-06-18,17.398,2022,6,18,169
2022-06-19,12.248,2022,6,19,170
2022-06-20,16.898,2022,6,20,171
2022-06-21,21.048,2022,6,21,172
2022-06-22,24.298,2022,6,22,173
2022-06-23,19.698,2022,6,23,174
2022-06-24,17.948,2022,6,24,175
2022-06-25,22.248,2022,6,25,176
2022-06-26,22.048,2022,6,26,177
2022-06-27,15.248,2022,6,27,178
2022-06-28,14.698,2022,6,28,179
2022-06-29,17.448,2022,6,29,180
2022-06-30,18.298,2022,6,30,181
2022-07-01,22.998,2022,7,1,182
2022-07-02,19.398,2022,7,2,183
2022-07-03,16.948,2022,7,3,184
2022-07-04,19.248,2022,7,4,185
2022-07-05,25.898,2022,7,5,186
2022-07-06,23.098,2022,7,6,187
2022-07-07,23.298,2022,7,7,188
2022-07-08,22.298,2022,7,8,189
2022-07-09,19.648,2022,7,9,190
2022-07-10,16.048,2022,7,10,191
2022-07-11,18.698,2022,7,11,192
2022-07-12,20.648,2022,7,12,193
2022-07-13,19.098,2022,7,13,194
2022-07-14,18.248,2022,7,14,195
2022-07-15,19.198,2022,7,15,196
2022-07-16,22.348,2022,7,16,197
2022-07-17,21.498,2022,7,17,198
2022-07-18,18.748,2022,7,18,199
2022-07-19,18.348,2022,7,19,200
2022-07-20,23.098,2022,7,20,201
2022-07-21,19.248,2022,7,21,202
2022-07-22,19.348,2022,7,22,203
2022-07-23,23.048,2022,7,23,204
2022-07-24,25.398,2022,7,24,205
2022-07-25,19.648,2022,7,25,206
2022-07-26,18.548,2022,7,26,207
2022-07-27,21.298,2022,7,27,208
2022-07-28,19.498,2022,7,28,209
2022-07-29,15.848,2022,7,29,210
2022-07-30,15.548,2022,7,30,211
2022-07-31,17.848,2022,7,31,212
2022-08-01,19.648,2022,8,1,213
2022-08-02,19.548,2022,8,2,214
2022-08-03,23.398,2022,8,3,215
2022-08-04,21.498,2022,8,4,216
2022-08-05,21.598,2022,8,5,217
2022-08-06,21.798,2022,8,6,218
2022-08-07,23.048,2022,8,7,219
2022-08-08,24.948,2022,8,8,220
2022-08-09,19.198,2022,8,9,221
2022-08-10,14.148,2022,8,10,222
2022-08-11,17.048,2022,8,11,223
2022-08-12,14.698,2022,8,12,224
2022-08-13,15.598,2022,8,13,225
2022-08-14,21.348,2022,8,14,226
2022-08-15,18.898,2022,8,15,227
2022-08-16,16.798,2022,8,16,228
2022-08-17,16.348,2022,8,17,229
2022-08-18,15.148,2022,8,18,230
2022-08-19,17.248,2022,8,19,231
2022-08-20,19.198,2022,8,20,232
2022-08-21,18.098,2022,8,21,233
2022-08-22,17.598,2022,8,22,234
2022-08-23,16.798,2022,8,23,235
2022-08-24,16.398,2022,8,24,236
2022-08-25,17.248,2022,8,25,237
2022-08-26,19.398,2022,8,26,238
2022-08-27,17.398,2022,8,27,239
2022-08-28,21.148,2022,8,28,240
2022-08-29,23.148,2022,8,29,241
2022-08-30,18.598,2022,8,30,242
2022-08-31,15.648,2022,8,31,243
2022-09-01,17.598,2022,9,1,244
2022-09-02,18.798,2022,9,2,245
2022-09-03,20.348,2022,9,3,246
2022-09-04,19.598,2022,9,4,247
2022-09-05,19.998,2022,9,5,248
2022-09-06,18.448,2022,9,6,249
2022-09-07,17.848,2022,9,7,250
2022-09-08,13.748,2022,9,8,251
2022-09-09,15.098,2022,9,9,252
2022-09-10,15.997999,2022,9,10,253
2022-09-11,18.648,2022,9,11,254
2022-09-12,12.348,2022,9,12,255
2022-09-13,13.098,2022,9,13,256
2022-09-14,13.798,2022,9,14,257
2022-09-15,14.598,2022,9,15,258
2022-09-16,16.098,2022,9,16,259
2022-09-17,19.348,2022,9,17,260
2022-09-18,19.998,2022,9,18,261
2022-09-19,21.148,2022,9,19,262
2022-09-20,19.048,2022,9,20,263
2022-09-21,23.548,2022,9,21,264
2022-09-22,13.498,2022,9,22,265
2022-09-23,9.148,2022,9,23,266
2022-09-24,12.398,2022,9,24,267
2022-09-25,15.198,2022,9,25,268
2022-09-26,11.348,2022,9,26,269
2022-09-27,8.198,2022,9,27,270
2022-09-28,5.748,2022,9,28,271
2022-09-29,5.298,2022,9,29,272
2022-09-30,7.298,2022,9,30,273
2022-10-01,8.298,2022,10,1,274
2022-10-02,9.998,2022,10,2,275
2022-10-03,7.698,2022,10,3,276
2022-10-04,6.098,2022,10,4,277
2022-10-05,7.198,2022,10,5,278
2022-10-06,11.998,2022,10,6,279
2022-10-07,9.048,2022,10,7,280
2022-10-08,2.848,2022,10,8,281
2022-10-09,4.998,2022,10,9,282
2022-10-10,9.248,2022,10,10,283
2022-10-11,14.248,2022,10,11,284
2022-10-12,16.098,2022,10,12,285
2022-10-13,5.848,2022,10,13,286
2022-10-14,3.698,2022,10,14,287
2022-10-15,2.748,2022,10,15,288
2022-10-16,7.498,2022,10,16,289
2022-10-17,2.948,2022,10,17,290
2022-10-18,-0.652,2022,10,18,291
2022-10-19,0.098000005,2022,10,19,292
2022-10-20,1.3479999,2022,10,20,293
2022-10-21,8.098,2022,10,21,294
2022-10-22,12.348,2022,10,22,295
2022-10-23,16.198,2022,10,23,296
2022-10-24,16.448,2022,10,24,297
2022-10-25,14.598,2022,10,25,298
2022-10-26,5.548,2022,10,26,299
2022-10-27,3.448,2022,10,27,300
2022-10-28,4.248,2022,10,28,301
2022-10-29,3.648,2022,10,29,302
2022-10-30,8.798,2022,10,30,303
2022-10-31,13.398,2022,10,31,304
2022-11-01,7.448,2022,11,1,305
2022-11-02,9.698,2022,11,2,306
2022-11-03,10.698,2022,11,3,307
2022-11-04,16.098,2022,11,4,308
2022-11-05,11.548,2022,11,5,309
2022-11-06,7.048,2022,11,6,310
2022-11-07,5.498,2022,11,7,311
2022-11-08,4.848,2022,11,8,312
2022-11-09,9.198,2022,11,9,313
2022-11-10,14.648,2022,11,10,314
2022-11-11,4.348,2022,11,11,315
2022-11-12,-2.552,2022,11,12,316
2022-11-13,-3.502,2022,11,13,317
2022-11-14,-4.452,2022,11,14,318
2022-11-15,-0.102,2022,11,15,319
2022-11-16,-1.6520001,2022,11,16,320
2022-11-17,-3.102,2022,11,17,321
2022-11-18,-5.852,2022,11,18,322
2022-11-19,-7.002,2022,11,19,323
2022-11-20,-8.802,2022,11,20,324
2022-11-21,-2.502,2022,11,21,325
2022-11-22,-1.702,2022,11,22,326
2022-11-23,0.49800003,2022,11,23,327
2022-11-24,4.698,2022,11,24,328
2022-11-25,2.898,2022,11,25,329
2022-11-26,-1.052,2022,11,26,330
2022-11-27,6.248,2022,11,27,331
2022-11-28,4.248,2022,11,28,332
2022-11-29,3.2979999,2022,11,29,333
2022-11-30,-4.702,2022,11,30,334
2022-12-01,-7.202,2022,12,1,335
2022-12-02,-1.552,2022,12,2,336
2022-12-03,-4.202,2022,12,3,337
2022-12-04,-6.502,2022,12,4,338
2022-12-05,-2.602,2022,12,5,339
2022-12-06,1.548,2022,12,6,340
2022-12-07,1.8479999,2022,12,7,341
2022-12-08,2.398,2022,12,8,342
2022-12-09,2.198,2022,12,9,343
2022-12-10,2.948,2022,12,10,344
2022-12-11,-0.102,2022,12,11,345
2022-12-12,-1.7520001,2022,12,12,346
2022-12-13,-1.002,2022,12,13,347
2022-12-14,3.948,2022,12,14,348
2022-12-15,-0.45200002,2022,12,15,349
2022-12-16,-1.6520001,2022,12,16,350
2022-12-17,-5.302,2022,12,17,351
2022-12-18,-9.202,2022,12,18,352
2022-12-19,-9.202,2022,12,19,353
2022-12-20,-4.302,2022,12,20,354
2022-12-21,-3.902,2022,12,21,355
2022-12-22,-15.302,2022,12,22,356
2022-12-23,-22.852,2022,12,23,357
2022-12-24,-17.602,2022,12,24,358
2022-12-25,-15.052,2022,12,25,359
2022-12-26,-9.102,2022,12,26,360
2022-12-27,-11.052,2022,12,27,361
2022-12-28,-5.902,2022,12,28,362
2022-12-29,5.098,2022,12,29,363
2022-12-30,3.0479999,2022,12,30,364
2022-12-31,-1.802,2022,12,31,365
